source_file,bearing_id,label,N,M,F,run_id,channel_names,channel_lengths,channel_rasters,channel_xindices,finite,synchronized,sampling_raster,start_timestamp,stop_timestamp,accepted,rejection_reason
D:\code\putest\PU-dataset-main\K001\K001\N09_M07_F10_K001_1.mat,K001,0,N09,07,10,1,vibration_1|phase_current_1|phase_current_2,256823|256823|256823,HostService|HostService|HostService,2|2|2,True,True,HostService,0.9924019165442665,4.992401916544266,True,
D:\code\putest\PU-dataset-main\K001\K001\N09_M07_F10_K001_10.mat,K001,0,N09,07,10,10,vibration_1|phase_current_1|phase_current_2,256608|256608|256608,HostService|HostService|HostService,2|2|2,True,True,HostService,0.9924241581756388,4.992424158175639,True,
D:\code\putest\PU-dataset-main\K001\K001\N09_M07_F10_K001_11.mat,K001,0,N09,07,10,11,vibration_1|phase_current_1|phase_current_2,256096|256096|256096,HostService|HostService|HostService,2|2|2,True,True,HostService,0.993755234268537,4.993755234268537,True,
D:\code\putest\PU-dataset-main\K001\K001\N09_M07_F10_K001_12.mat,K001,0,N09,07,10,12,vibration_1|phase_current_1|phase_current_2,256000|256000|256000,HostService|HostService|HostService,2|2|2,True,True,HostService,-0.0030526639058528855,3.996947336094147,True,
D:\code\putest\PU-dataset-main\K001\K001\N09_M07_F10_K001_13.mat,K001,0,N09,07,10,13,vibration_1|phase_current_1|phase_current_2,256000|256000|256000,HostService|HostService|HostService,2|2|2,True,True,HostService,-0.0026826829224477085,3.9973173170775524,True,
D:\code\putest\PU-dataset-main\K001\K001\N09_M07_F10_K001_14.mat,K001,0,N09,07,10,14,vibration_1|phase_current_1|phase_current_2,256002|256002|256002,HostService|HostService|HostService,2|2|2,True,True,HostService,-0.0027190394352678707,3.997280960564732,True,
D:\code\putest\PU-dataset-main\K001\K001\N09_M07_F10_K001_15.mat,K001,0,N09,07,10,15,vibration_1|phase_current_1|phase_current_2,256001|256001|256001,HostService|HostService|HostService,2|2|2,True,True,HostService,-0.0029602755909216506,3.9970397244090785,True,
D:\code\putest\PU-dataset-main\K001\K001\N09_M07_F10_K001_16.mat,K001,0,N09,07,10,16,vibration_1|phase_current_1|phase_current_2,256001|256001|256001,HostService|HostService|HostService,2|2|2,True,True,HostService,-0.0028332416578912027,3.9971667583421087,True,
D:\code\putest\PU-dataset-main\K001\K001\N09_M07_F10_K001_17.mat,K001,0,N09,07,10,17,vibration_1|phase_current_1|phase_current_2,256001|256001|256001,HostService|HostService|HostService,2|2|2,True,True,HostService,-0.0026882433302907924,3.9973117566697094,True,
D:\code\putest\PU-dataset-main\K001\K001\N09_M07_F10_K001_18.mat,K001,0,N09,07,10,18,vibration_1|phase_current_1|phase_current_2,256000|256000|256000,HostService|HostService|HostService,2|2|2,True,True,HostService,-0.002823404013245747,3.9971765959867542,True,
D:\code\putest\PU-dataset-main\K001\K001\N09_M07_F10_K001_19.mat,K001,0,N09,07,10,19,vibration_1|phase_current_1|phase_current_2,256001|256001|256001,HostService|HostService|HostService,2|2|2,True,True,HostService,-0.0025222865423587594,3.9974777134576414,True,
D:\code\putest\PU-dataset-main\K001\K001\N09_M07_F10_K001_2.mat,K001,0,N09,07,10,2,vibration_1|phase_current_1|phase_current_2,256001|256001|256001,HostService|HostService|HostService,2|2|2,True,True,HostService,-0.004057814554410301,3.99594218544559,True,
D:\code\putest\PU-dataset-main\K001\K001\N09_M07_F10_K001_20.mat,K001,0,N09,07,10,20,vibration_1|phase_current_1|phase_current_2,256001|256001|256001,HostService|HostService|HostService,2|2|2,True,True,HostService,-0.00290082199936868,3.9970991780006315,True,
D:\code\putest\PU-dataset-main\K001\K001\N09_M07_F10_K001_3.mat,K001,0,N09,07,10,3,vibration_1|phase_current_1|phase_current_2,256001|256001|256001,HostService|HostService|HostService,2|2|2,True,True,HostService,-0.002977812261811376,3.9970221877381884,True,
D:\code\putest\PU-dataset-main\K001\K001\N09_M07_F10_K001_4.mat,K001,0,N09,07,10,4,vibration_1|phase_current_1|phase_current_2,256001|256001|256001,HostService|HostService|HostService,2|2|2,True,True,HostService,-0.004032151133596069,3.995967848866404,True,
D:\code\putest\PU-dataset-main\K001\K001\N09_M07_F10_K001_5.mat,K001,0,N09,07,10,5,vibration_1|phase_current_1|phase_current_2,256001|256001|256001,HostService|HostService|HostService,2|2|2,True,True,HostService,-0.002823404013245747,3.9971765959867542,True,
D:\code\putest\PU-dataset-main\K001\K001\N09_M07_F10_K001_6.mat,K001,0,N09,07,10,6,vibration_1|phase_current_1|phase_current_2,257462|257462|257462,HostService|HostService|HostService,2|2|2,True,True,HostService,0.9942779126057868,4.994277912605787,True,
D:\code\putest\PU-dataset-main\K001\K001\N09_M07_F10_K001_7.mat,K001,0,N09,07,10,7,vibration_1|phase_current_1|phase_current_2,256003|256003|256003,HostService|HostService|HostService,2|2|2,True,True,HostService,-0.002991499419578966,3.9970085005804212,True,
D:\code\putest\PU-dataset-main\K001\K001\N09_M07_F10_K001_8.mat,K001,0,N09,07,10,8,vibration_1|phase_current_1|phase_current_2,256813|256813|256813,HostService|HostService|HostService,2|2|2,True,True,HostService,0.9915019859210473,4.991501985921047,True,
D:\code\putest\PU-dataset-main\K001\K001\N09_M07_F10_K001_9.mat,K001,0,N09,07,10,9,vibration_1|phase_current_1|phase_current_2,256001|256001|256001,HostService|HostService|HostService,2|2|2,True,True,HostService,-0.00309928578699874,3.9969007142130013,True,
D:\code\putest\PU-dataset-main\K001\K001\N15_M01_F10_K001_1.mat,K001,0,N15,01,10,1,vibration_1|phase_current_1|phase_current_2,256070|256070|256070,HostService|HostService|HostService,2|2|2,True,True,HostService,0.9921016545207398,4.99210165452074,True,
D:\code\putest\PU-dataset-main\K001\K001\N15_M01_F10_K001_10.mat,K001,0,N15,01,10,10,vibration_1|phase_current_1|phase_current_2,256327|256327|256327,HostService|HostService|HostService,2|2|2,True,True,HostService,0.9940610566999065,4.994061056699906,True,
D:\code\putest\PU-dataset-main\K001\K001\N15_M01_F10_K001_11.mat,K001,0,N15,01,10,11,vibration_1|phase_current_1|phase_current_2,256001|256001|256001,HostService|HostService|HostService,2|2|2,True,True,HostService,-0.002710912685343364,3.9972890873146567,True,
D:\code\putest\PU-dataset-main\K001\K001\N15_M01_F10_K001_12.mat,K001,0,N15,01,10,12,vibration_1|phase_current_1|phase_current_2,256085|256085|256085,HostService|HostService|HostService,2|2|2,True,True,HostService,0.992958385052255,4.992958385052255,True,
D:\code\putest\PU-dataset-main\K001\K001\N15_M01_F10_K001_13.mat,K001,0,N15,01,10,13,vibration_1|phase_current_1|phase_current_2,257110|257110|257110,HostService|HostService|HostService,2|2|2,True,True,HostService,0.9923621382420044,4.9923621382420045,True,
D:\code\putest\PU-dataset-main\K001\K001\N15_M01_F10_K001_14.mat,K001,0,N15,01,10,14,vibration_1|phase_current_1|phase_current_2,256001|256001|256001,HostService|HostService|HostService,2|2|2,True,True,HostService,-0.002653169988511342,3.9973468300114887,True,
D:\code\putest\PU-dataset-main\K001\K001\N15_M01_F10_K001_15.mat,K001,0,N15,01,10,15,vibration_1|phase_current_1|phase_current_2,256001|256001|256001,HostService|HostService|HostService,2|2|2,True,True,HostService,-0.0029624142093228364,3.997037585790677,True,
D:\code\putest\PU-dataset-main\K001\K001\N15_M01_F10_K001_16.mat,K001,0,N15,01,10,16,vibration_1|phase_current_1|phase_current_2,256673|256673|256673,HostService|HostService|HostService,2|2|2,True,True,HostService,0.9935571982045871,4.993557198204587,True,
D:\code\putest\PU-dataset-main\K001\K001\N15_M01_F10_K001_17.mat,K001,0,N15,01,10,17,vibration_1|phase_current_1|phase_current_2,256001|256001|256001,HostService|HostService|HostService,2|2|2,True,True,HostService,-0.00290082199936868,3.9970991780006315,True,
D:\code\putest\PU-dataset-main\K001\K001\N15_M01_F10_K001_18.mat,K001,0,N15,01,10,18,vibration_1|phase_current_1|phase_current_2,256002|256002|256002,HostService|HostService|HostService,2|2|2,True,True,HostService,-0.0026373442123425656,3.9973626557876574,True,
D:\code\putest\PU-dataset-main\K001\K001\N15_M01_F10_K001_19.mat,K001,0,N15,01,10,19,vibration_1|phase_current_1|phase_current_2,256002|256002|256002,HostService|HostService|HostService,2|2|2,True,True,HostService,-0.003203222641296379,3.9967967773587034,True,
D:\code\putest\PU-dataset-main\K001\K001\N15_M01_F10_K001_2.mat,K001,0,N15,01,10,2,vibration_1|phase_current_1|phase_current_2,256001|256001|256001,HostService|HostService|HostService,2|2|2,True,True,HostService,-0.003069345129382136,3.996930654870618,True,
D:\code\putest\PU-dataset-main\K001\K001\N15_M01_F10_K001_20.mat,K001,0,N15,01,10,20,vibration_1|phase_current_1|phase_current_2,256000|256000|256000,HostService|HostService|HostService,2|2|2,True,True,HostService,-0.0026634353568370348,3.997336564643163,True,
D:\code\putest\PU-dataset-main\K001\K001\N15_M01_F10_K001_3.mat,K001,0,N15,01,10,3,vibration_1|phase_current_1|phase_current_2,256001|256001|256001,HostService|HostService|HostService,2|2|2,True,True,HostService,-0.002914081433456033,3.997085918566544,True,
D:\code\putest\PU-dataset-main\K001\K001\N15_M01_F10_K001_4.mat,K001,0,N15,01,10,4,vibration_1|phase_current_1|phase_current_2,256001|256001|256001,HostService|HostService|HostService,2|2|2,True,True,HostService,-0.0029919271432592032,3.9970080728567408,True,
D:\code\putest\PU-dataset-main\K001\K001\N15_M01_F10_K001_5.mat,K001,0,N15,01,10,5,vibration_1|phase_current_1|phase_current_2,256001|256001|256001,HostService|HostService|HostService,2|2|2,True,True,HostService,-0.002621518436173789,3.997378481563826,True,
D:\code\putest\PU-dataset-main\K001\K001\N15_M01_F10_K001_6.mat,K001,0,N15,01,10,6,vibration_1|phase_current_1|phase_current_2,256575|256575|256575,HostService|HostService|HostService,2|2|2,True,True,HostService,0.9923446015711146,4.992344601571115,True,
D:\code\putest\PU-dataset-main\K001\K001\N15_M01_F10_K001_7.mat,K001,0,N15,01,10,7,vibration_1|phase_current_1|phase_current_2,256001|256001|256001,HostService|HostService|HostService,2|2|2,True,True,HostService,-0.002689954225011741,3.9973100457749884,True,
D:\code\putest\PU-dataset-main\K001\K001\N15_M01_F10_K001_8.mat,K001,0,N15,01,10,8,vibration_1|phase_current_1|phase_current_2,256001|256001|256001,HostService|HostService|HostService,2|2|2,True,True,HostService,-0.002931190380665521,3.9970688096193343,True,
D:\code\putest\PU-dataset-main\K001\K001\N15_M01_F10_K001_9.mat,K001,0,N15,01,10,9,vibration_1|phase_current_1|phase_current_2,256001|256001|256001,HostService|HostService|HostService,2|2|2,True,True,HostService,-0.0026929482907734016,3.9973070517092264,True,
D:\code\putest\PU-dataset-main\K001\K001\N15_M07_F04_K001_1.mat,K001,0,N15,07,04,1,vibration_1|phase_current_1|phase_current_2,258669|258669|258669,HostService|HostService|HostService,2|2|2,True,True,HostService,-0.0026612967384358486,3.997338703261564,True,
D:\code\putest\PU-dataset-main\K001\K001\N15_M07_F04_K001_10.mat,K001,0,N15,07,04,10,vibration_1|phase_current_1|phase_current_2,256003|256003|256003,HostService|HostService|HostService,2|2|2,True,True,HostService,-0.00294658843315406,3.997053411566846,True,
D:\code\putest\PU-dataset-main\K001\K001\N15_M07_F04_K001_11.mat,K001,0,N15,07,04,11,vibration_1|phase_current_1|phase_current_2,256018|256018|256018,HostService|HostService|HostService,2|2|2,True,True,HostService,-0.002507316213550457,3.9974926837864495,True,
D:\code\putest\PU-dataset-main\K001\K001\N15_M07_F04_K001_12.mat,K001,0,N15,07,04,12,vibration_1|phase_current_1|phase_current_2,256000|256000|256000,HostService|HostService|HostService,2|2|2,True,True,HostService,-0.0027489800928844742,3.9972510199071154,True,
D:\code\putest\PU-dataset-main\K001\K001\N15_M07_F04_K001_13.mat,K001,0,N15,07,04,13,vibration_1|phase_current_1|phase_current_2,256001|256001|256001,HostService|HostService|HostService,2|2|2,True,True,HostService,-0.0027190394352678707,3.997280960564732,True,
D:\code\putest\PU-dataset-main\K001\K001\N15_M07_F04_K001_14.mat,K001,0,N15,07,04,14,vibration_1|phase_current_1|phase_current_2,256001|256001|256001,HostService|HostService|HostService,2|2|2,True,True,HostService,-0.0027562513954485068,3.9972437486045513,True,
D:\code\putest\PU-dataset-main\K001\K001\N15_M07_F04_K001_15.mat,K001,0,N15,07,04,15,vibration_1|phase_current_1|phase_current_2,257362|257362|257362,HostService|HostService|HostService,2|2|2,True,True,HostService,0.9941568668042796,4.994156866804279,True,
D:\code\putest\PU-dataset-main\K001\K001\N15_M07_F04_K001_16.mat,K001,0,N15,07,04,16,vibration_1|phase_current_1|phase_current_2,256001|256001|256001,HostService|HostService|HostService,2|2|2,True,True,HostService,-0.0026865324355698434,3.99731346756443,True,
D:\code\putest\PU-dataset-main\K001\K001\N15_M07_F04_K001_17.mat,K001,0,N15,07,04,17,vibration_1|phase_current_1|phase_current_2,261196|261196|261196,HostService|HostService|HostService,2|2|2,True,True,HostService,-0.002820837671164324,3.9971791623288357,True,
D:\code\putest\PU-dataset-main\K001\K001\N15_M07_F04_K001_18.mat,K001,0,N15,07,04,18,vibration_1|phase_current_1|phase_current_2,258654|258654|258654,HostService|HostService|HostService,2|2|2,True,True,HostService,-0.0026689957646801182,3.99733100423532,True,
D:\code\putest\PU-dataset-main\K001\K001\N15_M07_F04_K001_19.mat,K001,0,N15,07,04,19,vibration_1|phase_current_1|phase_current_2,256724|256724|256724,HostService|HostService|HostService,2|2|2,True,True,HostService,0.9926209110685479,4.992620911068548,True,
D:\code\putest\PU-dataset-main\K001\K001\N15_M07_F04_K001_2.mat,K001,0,N15,07,04,2,vibration_1|phase_current_1|phase_current_2,260927|260927|260927,HostService|HostService|HostService,2|2|2,True,True,HostService,-0.002744275132401865,3.997255724867598,True,
D:\code\putest\PU-dataset-main\K001\K001\N15_M07_F04_K001_20.mat,K001,0,N15,07,04,20,vibration_1|phase_current_1|phase_current_2,256493|256493|256493,HostService|HostService|HostService,2|2|2,True,True,HostService,0.9941102449231338,4.994110244923133,True,
D:\code\putest\PU-dataset-main\K001\K001\N15_M07_F04_K001_3.mat,K001,0,N15,07,04,3,vibration_1|phase_current_1|phase_current_2,256001|256001|256001,HostService|HostService|HostService,2|2|2,True,True,HostService,-0.0027451305797623394,3.9972548694202374,True,
D:\code\putest\PU-dataset-main\K001\K001\N15_M07_F04_K001_4.mat,K001,0,N15,07,04,4,vibration_1|phase_current_1|phase_current_2,256100|256100|256100,HostService|HostService|HostService,2|2|2,True,True,HostService,0.9940755993050345,4.9940755993050345,True,
D:\code\putest\PU-dataset-main\K001\K001\N15_M07_F04_K001_5.mat,K001,0,N15,07,04,5,vibration_1|phase_current_1|phase_current_2,256001|256001|256001,HostService|HostService|HostService,2|2|2,True,True,HostService,-0.002642904620185649,3.9973570953798143,True,
D:\code\putest\PU-dataset-main\K001\K001\N15_M07_F04_K001_6.mat,K001,0,N15,07,04,6,vibration_1|phase_current_1|phase_current_2,256293|256293|256293,HostService|HostService|HostService,2|2|2,True,True,HostService,0.9922633340718695,4.992263334071869,True,
D:\code\putest\PU-dataset-main\K001\K001\N15_M07_F04_K001_7.mat,K001,0,N15,07,04,7,vibration_1|phase_current_1|phase_current_2,256380|256380|256380,HostService|HostService|HostService,2|2|2,True,True,HostService,0.9927988441195266,4.992798844119527,True,
D:\code\putest\PU-dataset-main\K001\K001\N15_M07_F04_K001_8.mat,K001,0,N15,07,04,8,vibration_1|phase_current_1|phase_current_2,256002|256002|256002,HostService|HostService|HostService,2|2|2,True,True,HostService,-0.0029718241302880547,3.997028175869712,True,
D:\code\putest\PU-dataset-main\K001\K001\N15_M07_F04_K001_9.mat,K001,0,N15,07,04,9,vibration_1|phase_current_1|phase_current_2,256934|256934|256934,HostService|HostService|HostService,2|2|2,True,True,HostService,0.9929870425388309,4.9929870425388305,True,
D:\code\putest\PU-dataset-main\K001\K001\N15_M07_F10_K001_1.mat,K001,0,N15,07,10,1,vibration_1|phase_current_1|phase_current_2,256001|256001|256001,HostService|HostService|HostService,2|2|2,True,True,HostService,-0.004969293716995771,3.9950307062830044,True,
D:\code\putest\PU-dataset-main\K001\K001\N15_M07_F10_K001_10.mat,K001,0,N15,07,10,10,vibration_1|phase_current_1|phase_current_2,257407|257407|257407,HostService|HostService|HostService,2|2|2,True,True,HostService,0.9933634393774396,4.99336343937744,True,
D:\code\putest\PU-dataset-main\K001\K001\N15_M07_F10_K001_11.mat,K001,0,N15,07,10,11,vibration_1|phase_current_1|phase_current_2,256001|256001|256001,HostService|HostService|HostService,2|2|2,True,True,HostService,-0.002717756264227159,3.9972822437357727,True,
D:\code\putest\PU-dataset-main\K001\K001\N15_M07_F10_K001_12.mat,K001,0,N15,07,10,12,vibration_1|phase_current_1|phase_current_2,257352|257352|257352,HostService|HostService|HostService,2|2|2,True,True,HostService,0.9941038290679303,4.99410382906793,True,
D:\code\putest\PU-dataset-main\K001\K001\N15_M07_F10_K001_13.mat,K001,0,N15,07,10,13,vibration_1|phase_current_1|phase_current_2,256083|256083|256083,HostService|HostService|HostService,2|2|2,True,True,HostService,0.9939990367662721,4.993999036766272,True,
D:\code\putest\PU-dataset-main\K001\K001\N15_M07_F10_K001_14.mat,K001,0,N15,07,10,14,vibration_1|phase_current_1|phase_current_2,256744|256744|256744,HostService|HostService|HostService,2|2|2,True,True,HostService,0.9922462251246601,4.99224622512466,True,
D:\code\putest\PU-dataset-main\K001\K001\N15_M07_F10_K001_15.mat,K001,0,N15,07,10,15,vibration_1|phase_current_1|phase_current_2,256102|256102|256102,HostService|HostService|HostService,2|2|2,True,True,HostService,0.9922470805720205,4.992247080572021,True,
D:\code\putest\PU-dataset-main\K001\K001\N15_M07_F10_K001_16.mat,K001,0,N15,07,10,16,vibration_1|phase_current_1|phase_current_2,256101|256101|256101,HostService|HostService|HostService,2|2|2,True,True,HostService,0.9935302516127321,4.993530251612732,True,
D:\code\putest\PU-dataset-main\K001\K001\N15_M07_F10_K001_17.mat,K001,0,N15,07,10,17,vibration_1|phase_current_1|phase_current_2,257005|257005|257005,HostService|HostService|HostService,2|2|2,True,True,HostService,0.9940490804368599,4.99404908043686,True,
D:\code\putest\PU-dataset-main\K001\K001\N15_M07_F10_K001_18.mat,K001,0,N15,07,10,18,vibration_1|phase_current_1|phase_current_2,256102|256102|256102,HostService|HostService|HostService,2|2|2,True,True,HostService,0.9939156306486259,4.993915630648626,True,
D:\code\putest\PU-dataset-main\K001\K001\N15_M07_F10_K001_19.mat,K001,0,N15,07,10,19,vibration_1|phase_current_1|phase_current_2,256001|256001|256001,HostService|HostService|HostService,2|2|2,True,True,HostService,-0.002814849539641003,3.997185150460359,True,
D:\code\putest\PU-dataset-main\K001\K001\N15_M07_F10_K001_2.mat,K001,0,N15,07,10,2,vibration_1|phase_current_1|phase_current_2,256001|256001|256001,HostService|HostService|HostService,2|2|2,True,True,HostService,-0.00298166177493351,3.9970183382250664,True,
D:\code\putest\PU-dataset-main\K001\K001\N15_M07_F10_K001_20.mat,K001,0,N15,07,10,20,vibration_1|phase_current_1|phase_current_2,256088|256088|256088,HostService|HostService|HostService,2|2|2,True,True,HostService,0.9923206490450214,4.992320649045022,True,
D:\code\putest\PU-dataset-main\K001\K001\N15_M07_F10_K001_3.mat,K001,0,N15,07,10,3,vibration_1|phase_current_1|phase_current_2,256087|256087|256087,HostService|HostService|HostService,2|2|2,True,True,HostService,0.9932642074836247,4.993264207483625,True,
D:\code\putest\PU-dataset-main\K001\K001\N15_M07_F10_K001_4.mat,K001,0,N15,07,10,4,vibration_1|phase_current_1|phase_current_2,256001|256001|256001,HostService|HostService|HostService,2|2|2,True,True,HostService,-0.0026694234883603554,3.9973305765116396,True,
D:\code\putest\PU-dataset-main\K001\K001\N15_M07_F10_K001_5.mat,K001,0,N15,07,10,5,vibration_1|phase_current_1|phase_current_2,256001|256001|256001,HostService|HostService|HostService,2|2|2,True,True,HostService,-0.0026151025809702313,3.9973848974190296,True,
D:\code\putest\PU-dataset-main\K001\K001\N15_M07_F10_K001_6.mat,K001,0,N15,07,10,6,vibration_1|phase_current_1|phase_current_2,256001|256001|256001,HostService|HostService|HostService,2|2|2,True,True,HostService,-0.005328153884714781,3.9946718461152853,True,
D:\code\putest\PU-dataset-main\K001\K001\N15_M07_F10_K001_7.mat,K001,0,N15,07,10,7,vibration_1|phase_current_1|phase_current_2,256001|256001|256001,HostService|HostService|HostService,2|2|2,True,True,HostService,-0.002731443421994749,3.997268556578005,True,
D:\code\putest\PU-dataset-main\K001\K001\N15_M07_F10_K001_8.mat,K001,0,N15,07,10,8,vibration_1|phase_current_1|phase_current_2,256081|256081|256081,HostService|HostService|HostService,2|2|2,True,True,HostService,0.993991765463708,4.993991765463708,True,
D:\code\putest\PU-dataset-main\K001\K001\N15_M07_F10_K001_9.mat,K001,0,N15,07,10,9,vibration_1|phase_current_1|phase_current_2,256075|256075|256075,HostService|HostService|HostService,2|2|2,True,True,HostService,0.9936170795198203,4.9936170795198205,True,
D:\code\putest\PU-dataset-main\K002\K002\N09_M07_F10_K002_1.mat,K002,0,N09,07,10,1,vibration_1|phase_current_1|phase_current_2,256001|256001|256001,HostService|HostService|HostService,2|2|2,True,True,HostService,-0.002750679222299022,3.997249320777701,True,
D:\code\putest\PU-dataset-main\K002\K002\N09_M07_F10_K002_10.mat,K002,0,N09,07,10,10,vibration_1|phase_current_1|phase_current_2,256279|256279|256279,HostService|HostService|HostService,2|2|2,True,True,HostService,-0.002721166414595923,3.997278833585404,True,
D:\code\putest\PU-dataset-main\K002\K002\N09_M07_F10_K002_11.mat,K002,0,N09,07,10,11,vibration_1|phase_current_1|phase_current_2,256000|256000|256000,HostService|HostService|HostService,2|2|2,True,True,HostService,-0.003142044715753167,3.9968579552842467,True,
D:\code\putest\PU-dataset-main\K002\K002\N09_M07_F10_K002_12.mat,K002,0,N09,07,10,12,vibration_1|phase_current_1|phase_current_2,256003|256003|256003,HostService|HostService|HostService,2|2|2,True,True,HostService,-0.0028032890099436774,3.9971967109900564,True,
D:\code\putest\PU-dataset-main\K002\K002\N09_M07_F10_K002_13.mat,K002,0,N09,07,10,13,vibration_1|phase_current_1|phase_current_2,256008|256008|256008,HostService|HostService|HostService,2|2|2,True,True,HostService,-0.003962842947379947,3.99603715705262,True,
D:\code\putest\PU-dataset-main\K002\K002\N09_M07_F10_K002_14.mat,K002,0,N09,07,10,14,vibration_1|phase_current_1|phase_current_2,256001|256001|256001,HostService|HostService|HostService,2|2|2,True,True,HostService,-0.002799867235137521,3.9972001327648625,True,
D:\code\putest\PU-dataset-main\K002\K002\N09_M07_F10_K002_15.mat,K002,0,N09,07,10,15,vibration_1|phase_current_1|phase_current_2,256003|256003|256003,HostService|HostService|HostService,2|2|2,True,True,HostService,-0.002689087275788206,3.997310912724212,True,
D:\code\putest\PU-dataset-main\K002\K002\N09_M07_F10_K002_16.mat,K002,0,N09,07,10,16,vibration_1|phase_current_1|phase_current_2,256001|256001|256001,HostService|HostService|HostService,2|2|2,True,True,HostService,-0.002797728625883673,3.997202271374116,True,
D:\code\putest\PU-dataset-main\K002\K002\N09_M07_F10_K002_17.mat,K002,0,N09,07,10,17,vibration_1|phase_current_1|phase_current_2,256000|256000|256000,HostService|HostService|HostService,2|2|2,True,True,HostService,-0.0027412693415820918,3.9972587306584177,True,
D:\code\putest\PU-dataset-main\K002\K002\N09_M07_F10_K002_18.mat,K002,0,N09,07,10,18,vibration_1|phase_current_1|phase_current_2,256387|256387|256387,HostService|HostService|HostService,2|2|2,True,True,HostService,-0.002672406123608193,3.997327593876392,True,
D:\code\putest\PU-dataset-main\K002\K002\N09_M07_F10_K002_19.mat,K002,0,N09,07,10,19,vibration_1|phase_current_1|phase_current_2,256006|256006|256006,HostService|HostService|HostService,2|2|2,True,True,HostService,-0.002683099169877432,3.9973169008301226,True,
D:\code\putest\PU-dataset-main\K002\K002\N09_M07_F10_K002_2.mat,K002,0,N09,07,10,2,vibration_1|phase_current_1|phase_current_2,256001|256001|256001,HostService|HostService|HostService,2|2|2,True,True,HostService,-0.0027087624809236056,3.9972912375190766,True,
D:\code\putest\PU-dataset-main\K002\K002\N09_M07_F10_K002_20.mat,K002,0,N09,07,10,20,vibration_1|phase_current_1|phase_current_2,256001|256001|256001,HostService|HostService|HostService,2|2|2,True,True,HostService,-0.0027819029174051997,3.997218097082595,True,
D:\code\putest\PU-dataset-main\K002\K002\N09_M07_F10_K002_3.mat,K002,0,N09,07,10,3,vibration_1|phase_current_1|phase_current_2,256001|256001|256001,HostService|HostService|HostService,2|2|2,True,True,HostService,-0.0027622277122698,3.9972377722877304,True,
D:\code\putest\PU-dataset-main\K002\K002\N09_M07_F10_K002_4.mat,K002,0,N09,07,10,4,vibration_1|phase_current_1|phase_current_2,256000|256000|256000,HostService|HostService|HostService,2|2|2,True,True,HostService,-0.0026651348521451105,3.997334865147855,True,
D:\code\putest\PU-dataset-main\K002\K002\N09_M07_F10_K002_5.mat,K002,0,N09,07,10,5,vibration_1|phase_current_1|phase_current_2,256001|256001|256001,HostService|HostService|HostService,2|2|2,True,True,HostService,-0.002653158640323563,3.9973468413596764,True,
D:\code\putest\PU-dataset-main\K002\K002\N09_M07_F10_K002_6.mat,K002,0,N09,07,10,6,vibration_1|phase_current_1|phase_current_2,255999|255999|255999,HostService|HostService|HostService,2|2|2,True,True,HostService,-0.0029059422541283715,3.997094057745872,True,
D:\code\putest\PU-dataset-main\K002\K002\N09_M07_F10_K002_7.mat,K002,0,N09,07,10,7,vibration_1|phase_current_1|phase_current_2,256000|256000|256000,HostService|HostService|HostService,2|2|2,True,True,HostService,-0.002727582242357466,3.9972724177576424,True,
D:\code\putest\PU-dataset-main\K002\K002\N09_M07_F10_K002_8.mat,K002,0,N09,07,10,8,vibration_1|phase_current_1|phase_current_2,256001|256001|256001,HostService|HostService|HostService,2|2|2,True,True,HostService,-0.002809704837705221,3.997190295162295,True,
D:\code\putest\PU-dataset-main\K002\K002\N09_M07_F10_K002_9.mat,K002,0,N09,07,10,9,vibration_1|phase_current_1|phase_current_2,256000|256000|256000,HostService|HostService|HostService,2|2|2,True,True,HostService,-0.0027588059374636436,3.9972411940625365,True,
D:\code\putest\PU-dataset-main\K002\K002\N15_M01_F10_K002_1.mat,K002,0,N15,01,10,1,vibration_1|phase_current_1|phase_current_2,261265|261265|261265,HostService|HostService|HostService,2|2|2,True,True,HostService,-0.0027934514073759777,3.997206548592624,True,
D:\code\putest\PU-dataset-main\K002\K002\N15_M01_F10_K002_10.mat,K002,0,N15,01,10,10,vibration_1|phase_current_1|phase_current_2,291847|291847|291847,HostService|HostService|HostService,2|2|2,True,True,HostService,-0.002634766600740472,3.9973652333992593,True,
D:\code\putest\PU-dataset-main\K002\K002\N15_M01_F10_K002_11.mat,K002,0,N15,01,10,11,vibration_1|phase_current_1|phase_current_2,256004|256004|256004,HostService|HostService|HostService,2|2|2,True,True,HostService,-0.00270405754056514,3.9972959424594348,True,
D:\code\putest\PU-dataset-main\K002\K002\N15_M01_F10_K002_12.mat,K002,0,N15,01,10,12,vibration_1|phase_current_1|phase_current_2,256001|256001|256001,HostService|HostService|HostService,2|2|2,True,True,HostService,-0.002715178308685149,3.997284821691315,True,
D:\code\putest\PU-dataset-main\K002\K002\N15_M01_F10_K002_13.mat,K002,0,N15,01,10,13,vibration_1|phase_current_1|phase_current_2,256001|256001|256001,HostService|HostService|HostService,2|2|2,True,True,HostService,-0.0026728338454589627,3.997327166154541,True,
D:\code\putest\PU-dataset-main\K002\K002\N15_M01_F10_K002_14.mat,K002,0,N15,01,10,14,vibration_1|phase_current_1|phase_current_2,256001|256001|256001,HostService|HostService|HostService,2|2|2,True,True,HostService,-0.0027301485734620833,3.997269851426538,True,
D:\code\putest\PU-dataset-main\K002\K002\N15_M01_F10_K002_15.mat,K002,0,N15,01,10,15,vibration_1|phase_current_1|phase_current_2,256003|256003|256003,HostService|HostService|HostService,2|2|2,True,True,HostService,-0.002744691116388248,3.9972553088836116,True,
D:\code\putest\PU-dataset-main\K002\K002\N15_M01_F10_K002_16.mat,K002,0,N15,01,10,16,vibration_1|phase_current_1|phase_current_2,256002|256002|256002,HostService|HostService|HostService,2|2|2,True,True,HostService,-0.0027241604675513095,3.9972758395324486,True,
D:\code\putest\PU-dataset-main\K002\K002\N15_M01_F10_K002_17.mat,K002,0,N15,01,10,17,vibration_1|phase_current_1|phase_current_2,256001|256001|256001,HostService|HostService|HostService,2|2|2,True,True,HostService,-0.0028229642150790772,3.997177035784921,True,
D:\code\putest\PU-dataset-main\K002\K002\N15_M01_F10_K002_18.mat,K002,0,N15,01,10,18,vibration_1|phase_current_1|phase_current_2,256001|256001|256001,HostService|HostService|HostService,2|2|2,True,True,HostService,-0.002702346653162062,3.997297653346838,True,
D:\code\putest\PU-dataset-main\K002\K002\N15_M01_F10_K002_19.mat,K002,0,N15,01,10,19,vibration_1|phase_current_1|phase_current_2,256001|256001|256001,HostService|HostService|HostService,2|2|2,True,True,HostService,-0.002784896970360587,3.9972151030296392,True,
D:\code\putest\PU-dataset-main\K002\K002\N15_M01_F10_K002_2.mat,K002,0,N15,01,10,2,vibration_1|phase_current_1|phase_current_2,256001|256001|256001,HostService|HostService|HostService,2|2|2,True,True,HostService,-0.0026719784017574235,3.9973280215982427,True,
D:\code\putest\PU-dataset-main\K002\K002\N15_M01_F10_K002_20.mat,K002,0,N15,01,10,20,vibration_1|phase_current_1|phase_current_2,256000|256000|256000,HostService|HostService|HostService,2|2|2,True,True,HostService,-0.0027096179246251448,3.997290382075375,True,
D:\code\putest\PU-dataset-main\K002\K002\N15_M01_F10_K002_3.mat,K002,0,N15,01,10,3,vibration_1|phase_current_1|phase_current_2,256001|256001|256001,HostService|HostService|HostService,2|2|2,True,True,HostService,-0.00280115040068983,3.99719884959931,True,
D:\code\putest\PU-dataset-main\K002\K002\N15_M01_F10_K002_4.mat,K002,0,N15,01,10,4,vibration_1|phase_current_1|phase_current_2,256001|256001|256001,HostService|HostService|HostService,2|2|2,True,True,HostService,-0.0027878910233159735,3.997212108976684,True,
D:\code\putest\PU-dataset-main\K002\K002\N15_M01_F10_K002_5.mat,K002,0,N15,01,10,5,vibration_1|phase_current_1|phase_current_2,256003|256003|256003,HostService|HostService|HostService,2|2|2,True,True,HostService,-0.0029144966911437624,3.997085503308856,True,
D:\code\putest\PU-dataset-main\K002\K002\N15_M01_F10_K002_6.mat,K002,0,N15,01,10,6,vibration_1|phase_current_1|phase_current_2,256001|256001|256001,HostService|HostService|HostService,2|2|2,True,True,HostService,-0.002699352600206675,3.9973006473997934,True,
D:\code\putest\PU-dataset-main\K002\K002\N15_M01_F10_K002_7.mat,K002,0,N15,01,10,7,vibration_1|phase_current_1|phase_current_2,256001|256001|256001,HostService|HostService|HostService,2|2|2,True,True,HostService,-0.002785324692211356,3.997214675307789,True,
D:\code\putest\PU-dataset-main\K002\K002\N15_M01_F10_K002_8.mat,K002,0,N15,01,10,8,vibration_1|phase_current_1|phase_current_2,256001|256001|256001,HostService|HostService|HostService,2|2|2,True,True,HostService,-0.0027925959636744386,3.9972074040363257,True,
D:\code\putest\PU-dataset-main\K002\K002\N15_M01_F10_K002_9.mat,K002,0,N15,01,10,9,vibration_1|phase_current_1|phase_current_2,256003|256003|256003,HostService|HostService|HostService,2|2|2,True,True,HostService,-0.002686948666534358,3.9973130513334656,True,
D:\code\putest\PU-dataset-main\K002\K002\N15_M07_F04_K002_1.mat,K002,0,N15,07,04,1,vibration_1|phase_current_1|phase_current_2,256001|256001|256001,HostService|HostService|HostService,2|2|2,True,True,HostService,-0.0027344257919697788,3.99726557420803,True,
D:\code\putest\PU-dataset-main\K002\K002\N15_M07_F04_K002_10.mat,K002,0,N15,07,04,10,vibration_1|phase_current_1|phase_current_2,256001|256001|256001,HostService|HostService|HostService,2|2|2,True,True,HostService,-0.0028186869965713818,3.997181313003429,True,
D:\code\putest\PU-dataset-main\K002\K002\N15_M07_F04_K002_11.mat,K002,0,N15,07,04,11,vibration_1|phase_current_1|phase_current_2,256000|256000|256000,HostService|HostService|HostService,2|2|2,True,True,HostService,-0.0026672734613989585,3.997332726538601,True,
D:\code\putest\PU-dataset-main\K002\K002\N15_M07_F04_K002_12.mat,K002,0,N15,07,04,12,vibration_1|phase_current_1|phase_current_2,256001|256001|256001,HostService|HostService|HostService,2|2|2,True,True,HostService,-0.0026728338454589627,3.997327166154541,True,
D:\code\putest\PU-dataset-main\K002\K002\N15_M07_F04_K002_13.mat,K002,0,N15,07,04,13,vibration_1|phase_current_1|phase_current_2,256001|256001|256001,HostService|HostService|HostService,2|2|2,True,True,HostService,-0.002736136679372857,3.997263863320627,True,
D:\code\putest\PU-dataset-main\K002\K002\N15_M07_F04_K002_14.mat,K002,0,N15,07,04,14,vibration_1|phase_current_1|phase_current_2,256002|256002|256002,HostService|HostService|HostService,2|2|2,True,True,HostService,-0.002721594136446692,3.997278405863553,True,
D:\code\putest\PU-dataset-main\K002\K002\N15_M07_F04_K002_15.mat,K002,0,N15,07,04,15,vibration_1|phase_current_1|phase_current_2,256001|256001|256001,HostService|HostService|HostService,2|2|2,True,True,HostService,-0.002700635765758984,3.997299364234241,True,
D:\code\putest\PU-dataset-main\K002\K002\N15_M07_F04_K002_16.mat,K002,0,N15,07,04,16,vibration_1|phase_current_1|phase_current_2,255996|255996|255996,HostService|HostService|HostService,2|2|2,True,True,HostService,-0.0026826714480266624,3.9973173285519734,True,
D:\code\putest\PU-dataset-main\K002\K002\N15_M07_F04_K002_17.mat,K002,0,N15,07,04,17,vibration_1|phase_current_1|phase_current_2,256003|256003|256003,HostService|HostService|HostService,2|2|2,True,True,HostService,-0.002730576295312853,3.997269423704687,True,
D:\code\putest\PU-dataset-main\K002\K002\N15_M07_F04_K002_18.mat,K002,0,N15,07,04,18,vibration_1|phase_current_1|phase_current_2,256000|256000|256000,HostService|HostService|HostService,2|2|2,True,True,HostService,-0.002668984348802037,3.997331015651198,True,
D:\code\putest\PU-dataset-main\K002\K002\N15_M07_F04_K002_19.mat,K002,0,N15,07,04,19,vibration_1|phase_current_1|phase_current_2,256000|256000|256000,HostService|HostService|HostService,2|2|2,True,True,HostService,-0.0028092771158544512,3.9971907228841457,True,
D:\code\putest\PU-dataset-main\K002\K002\N15_M07_F04_K002_2.mat,K002,0,N15,07,04,2,vibration_1|phase_current_1|phase_current_2,256001|256001|256001,HostService|HostService|HostService,2|2|2,True,True,HostService,-0.002725871354954388,3.9972741286450457,True,
D:\code\putest\PU-dataset-main\K002\K002\N15_M07_F04_K002_20.mat,K002,0,N15,07,04,20,vibration_1|phase_current_1|phase_current_2,256001|256001|256001,HostService|HostService|HostService,2|2|2,True,True,HostService,-0.0027866078577636648,3.9972133921422364,True,
D:\code\putest\PU-dataset-main\K002\K002\N15_M07_F04_K002_3.mat,K002,0,N15,07,04,3,vibration_1|phase_current_1|phase_current_2,256005|256005|256005,HostService|HostService|HostService,2|2|2,True,True,HostService,-0.0026895149976389754,3.997310485002361,True,
D:\code\putest\PU-dataset-main\K002\K002\N15_M07_F04_K002_4.mat,K002,0,N15,07,04,4,vibration_1|phase_current_1|phase_current_2,256003|256003|256003,HostService|HostService|HostService,2|2|2,True,True,HostService,-0.0027203109708943836,3.9972796890291056,True,
D:\code\putest\PU-dataset-main\K002\K002\N15_M07_F04_K002_5.mat,K002,0,N15,07,04,5,vibration_1|phase_current_1|phase_current_2,256001|256001|256001,HostService|HostService|HostService,2|2|2,True,True,HostService,-0.0026732615673097323,3.9973267384326903,True,
D:\code\putest\PU-dataset-main\K002\K002\N15_M07_F04_K002_6.mat,K002,0,N15,07,04,6,vibration_1|phase_current_1|phase_current_2,256001|256001|256001,HostService|HostService|HostService,2|2|2,True,True,HostService,-0.0025958439123204423,3.9974041560876796,True,
D:\code\putest\PU-dataset-main\K002\K002\N15_M07_F04_K002_7.mat,K002,0,N15,07,04,7,vibration_1|phase_current_1|phase_current_2,256001|256001|256001,HostService|HostService|HostService,2|2|2,True,True,HostService,-0.002715178308685149,3.997284821691315,True,
D:\code\putest\PU-dataset-main\K002\K002\N15_M07_F04_K002_8.mat,K002,0,N15,07,04,8,vibration_1|phase_current_1|phase_current_2,256001|256001|256001,HostService|HostService|HostService,2|2|2,True,True,HostService,-0.0026159468393066117,3.9973840531606935,True,
D:\code\putest\PU-dataset-main\K002\K002\N15_M07_F04_K002_9.mat,K002,0,N15,07,04,9,vibration_1|phase_current_1|phase_current_2,256001|256001|256001,HostService|HostService|HostService,2|2|2,True,True,HostService,-0.00270405754056514,3.9972959424594348,True,
D:\code\putest\PU-dataset-main\K002\K002\N15_M07_F10_K002_1.mat,K002,0,N15,07,10,1,vibration_1|phase_current_1|phase_current_2,256001|256001|256001,HostService|HostService|HostService,2|2|2,True,True,HostService,-0.0027387030104774742,3.9972612969895227,True,
D:\code\putest\PU-dataset-main\K002\K002\N15_M07_F10_K002_10.mat,K002,0,N15,07,10,10,vibration_1|phase_current_1|phase_current_2,256001|256001|256001,HostService|HostService|HostService,2|2|2,True,True,HostService,-0.002701491209460523,3.9972985087905393,True,
D:\code\putest\PU-dataset-main\K002\K002\N15_M07_F10_K002_11.mat,K002,0,N15,07,10,11,vibration_1|phase_current_1|phase_current_2,256004|256004|256004,HostService|HostService|HostService,2|2|2,True,True,HostService,-0.0027066238716697577,3.9972933761283302,True,
D:\code\putest\PU-dataset-main\K002\K002\N15_M07_F10_K002_12.mat,K002,0,N15,07,10,12,vibration_1|phase_current_1|phase_current_2,256001|256001|256001,HostService|HostService|HostService,2|2|2,True,True,HostService,-0.0027434079508359397,3.997256592049164,True,
D:\code\putest\PU-dataset-main\K002\K002\N15_M07_F10_K002_13.mat,K002,0,N15,07,10,13,vibration_1|phase_current_1|phase_current_2,256001|256001|256001,HostService|HostService|HostService,2|2|2,True,True,HostService,-0.0028576096849914114,3.9971423903150085,True,
D:\code\putest\PU-dataset-main\K002\K002\N15_M07_F10_K002_14.mat,K002,0,N15,07,10,14,vibration_1|phase_current_1|phase_current_2,256001|256001|256001,HostService|HostService|HostService,2|2|2,True,True,HostService,-0.0027831860829575085,3.9972168139170425,True,
D:\code\putest\PU-dataset-main\K002\K002\N15_M07_F10_K002_15.mat,K002,0,N15,07,10,15,vibration_1|phase_current_1|phase_current_2,256001|256001|256001,HostService|HostService|HostService,2|2|2,True,True,HostService,-0.0027134674212820706,3.997286532578718,True,
D:\code\putest\PU-dataset-main\K002\K002\N15_M07_F10_K002_16.mat,K002,0,N15,07,10,16,vibration_1|phase_current_1|phase_current_2,256001|256001|256001,HostService|HostService|HostService,2|2|2,True,True,HostService,-0.0026779665076681974,3.9973220334923316,True,
D:\code\putest\PU-dataset-main\K002\K002\N15_M07_F10_K002_17.mat,K002,0,N15,07,10,17,vibration_1|phase_current_1|phase_current_2,256000|256000|256000,HostService|HostService|HostService,2|2|2,True,True,HostService,-0.00273314262641747,3.9972668573735826,True,
D:\code\putest\PU-dataset-main\K002\K002\N15_M07_F10_K002_18.mat,K002,0,N15,07,10,18,vibration_1|phase_current_1|phase_current_2,278265|278265|278265,HostService|HostService|HostService,2|2|2,True,True,HostService,-0.0026873763883851274,3.9973126236116148,True,
D:\code\putest\PU-dataset-main\K002\K002\N15_M07_F10_K002_19.mat,K002,0,N15,07,10,19,vibration_1|phase_current_1|phase_current_2,256001|256001|256001,HostService|HostService|HostService,2|2|2,True,True,HostService,-0.002721594136446692,3.997278405863553,True,
D:\code\putest\PU-dataset-main\K002\K002\N15_M07_F10_K002_2.mat,K002,0,N15,07,10,2,vibration_1|phase_current_1|phase_current_2,256001|256001|256001,HostService|HostService|HostService,2|2|2,True,True,HostService,-0.0028225364932283076,3.997177463506772,True,
D:\code\putest\PU-dataset-main\K002\K002\N15_M07_F10_K002_20.mat,K002,0,N15,07,10,20,vibration_1|phase_current_1|phase_current_2,256001|256001|256001,HostService|HostService|HostService,2|2|2,True,True,HostService,-0.002658719024383567,3.9973412809756166,True,
D:\code\putest\PU-dataset-main\K002\K002\N15_M07_F10_K002_3.mat,K002,0,N15,07,10,3,vibration_1|phase_current_1|phase_current_2,256135|256135|256135,HostService|HostService|HostService,2|2|2,True,True,HostService,-0.0029619738165791833,3.9970380261834206,True,
D:\code\putest\PU-dataset-main\K002\K002\N15_M07_F10_K002_4.mat,K002,0,N15,07,10,4,vibration_1|phase_current_1|phase_current_2,256001|256001|256001,HostService|HostService|HostService,2|2|2,True,True,HostService,-0.0028041444536452166,3.9971958555463547,True,
D:\code\putest\PU-dataset-main\K002\K002\N15_M07_F10_K002_5.mat,K002,0,N15,07,10,5,vibration_1|phase_current_1|phase_current_2,256002|256002|256002,HostService|HostService|HostService,2|2|2,True,True,HostService,-0.0028387899235575507,3.9971612100764427,True,
D:\code\putest\PU-dataset-main\K002\K002\N15_M07_F10_K002_6.mat,K002,0,N15,07,10,6,vibration_1|phase_current_1|phase_current_2,256000|256000|256000,HostService|HostService|HostService,2|2|2,True,True,HostService,-0.00270405754056514,3.9972959424594348,True,
D:\code\putest\PU-dataset-main\K002\K002\N15_M07_F10_K002_7.mat,K002,0,N15,07,10,7,vibration_1|phase_current_1|phase_current_2,256002|256002|256002,HostService|HostService|HostService,2|2|2,True,True,HostService,-0.0026557249714281804,3.997344275028572,True,
D:\code\putest\PU-dataset-main\K002\K002\N15_M07_F10_K002_8.mat,K002,0,N15,07,10,8,vibration_1|phase_current_1|phase_current_2,256003|256003|256003,HostService|HostService|HostService,2|2|2,True,True,HostService,-0.0029328887307268534,3.9970671112692733,True,
D:\code\putest\PU-dataset-main\K002\K002\N15_M07_F10_K002_9.mat,K002,0,N15,07,10,9,vibration_1|phase_current_1|phase_current_2,256001|256001|256001,HostService|HostService|HostService,2|2|2,True,True,HostService,-0.0027104733683266835,3.9972895266316733,True,
D:\code\putest\PU-dataset-main\K003\K003\N09_M07_F10_K003_1.mat,K003,0,N09,07,10,1,vibration_1|phase_current_1|phase_current_2,256000|256000|256000,HostService|HostService|HostService,2|2|2,True,True,HostService,-0.0026523587857406523,3.9973476412142595,True,
D:\code\putest\PU-dataset-main\K003\K003\N09_M07_F10_K003_10.mat,K003,0,N09,07,10,10,vibration_1|phase_current_1|phase_current_2,256501|256501|256501,HostService|HostService|HostService,2|2|2,True,True,HostService,0.9939920929681482,4.993992092968148,True,
D:\code\putest\PU-dataset-main\K003\K003\N09_M07_F10_K003_11.mat,K003,0,N09,07,10,11,vibration_1|phase_current_1|phase_current_2,256001|256001|256001,HostService|HostService|HostService,2|2|2,True,True,HostService,-0.0026365327455741623,3.997363467254426,True,
D:\code\putest\PU-dataset-main\K003\K003\N09_M07_F10_K003_12.mat,K003,0,N09,07,10,12,vibration_1|phase_current_1|phase_current_2,256001|256001|256001,HostService|HostService|HostService,2|2|2,True,True,HostService,-0.002831577997355768,3.997168422002644,True,
D:\code\putest\PU-dataset-main\K003\K003\N09_M07_F10_K003_13.mat,K003,0,N09,07,10,13,vibration_1|phase_current_1|phase_current_2,256001|256001|256001,HostService|HostService|HostService,2|2|2,True,True,HostService,-0.0028499704224141213,3.9971500295775857,True,
D:\code\putest\PU-dataset-main\K003\K003\N09_M07_F10_K003_14.mat,K003,0,N09,07,10,14,vibration_1|phase_current_1|phase_current_2,256001|256001|256001,HostService|HostService|HostService,2|2|2,True,True,HostService,-0.002517195848102522,3.9974828041518973,True,
D:\code\putest\PU-dataset-main\K003\K003\N09_M07_F10_K003_15.mat,K003,0,N09,07,10,15,vibration_1|phase_current_1|phase_current_2,256435|256435|256435,HostService|HostService|HostService,2|2|2,True,True,HostService,0.9923851082950265,4.992385108295027,True,
D:\code\putest\PU-dataset-main\K003\K003\N09_M07_F10_K003_16.mat,K003,0,N09,07,10,16,vibration_1|phase_current_1|phase_current_2,256000|256000|256000,HostService|HostService|HostService,2|2|2,True,True,HostService,-0.002710957907438196,3.9972890420925618,True,
D:\code\putest\PU-dataset-main\K003\K003\N09_M07_F10_K003_17.mat,K003,0,N09,07,10,17,vibration_1|phase_current_1|phase_current_2,256084|256084|256084,HostService|HostService|HostService,2|2|2,True,True,HostService,0.9942247785316771,4.994224778531677,True,
D:\code\putest\PU-dataset-main\K003\K003\N09_M07_F10_K003_18.mat,K003,0,N09,07,10,18,vibration_1|phase_current_1|phase_current_2,256001|256001|256001,HostService|HostService|HostService,2|2|2,True,True,HostService,-0.002855103192197848,3.9971448968078023,True,
D:\code\putest\PU-dataset-main\K003\K003\N09_M07_F10_K003_19.mat,K003,0,N09,07,10,19,vibration_1|phase_current_1|phase_current_2,256867|256867|256867,HostService|HostService|HostService,2|2|2,True,True,HostService,0.9942500146497805,4.99425001464978,True,
D:\code\putest\PU-dataset-main\K003\K003\N09_M07_F10_K003_2.mat,K003,0,N09,07,10,2,vibration_1|phase_current_1|phase_current_2,256001|256001|256001,HostService|HostService|HostService,2|2|2,True,True,HostService,-0.002929956084877192,3.997070043915123,True,
D:\code\putest\PU-dataset-main\K003\K003\N09_M07_F10_K003_20.mat,K003,0,N09,07,10,20,vibration_1|phase_current_1|phase_current_2,256002|256002|256002,HostService|HostService|HostService,2|2|2,True,True,HostService,-0.002940221624444645,3.9970597783755553,True,
D:\code\putest\PU-dataset-main\K003\K003\N09_M07_F10_K003_3.mat,K003,0,N09,07,10,3,vibration_1|phase_current_1|phase_current_2,256084|256084|256084,HostService|HostService|HostService,2|2|2,True,True,HostService,0.9922182932770554,4.992218293277055,True,
D:\code\putest\PU-dataset-main\K003\K003\N09_M07_F10_K003_4.mat,K003,0,N09,07,10,4,vibration_1|phase_current_1|phase_current_2,256001|256001|256001,HostService|HostService|HostService,2|2|2,True,True,HostService,-0.0037062875146658203,3.9962937124853344,True,
D:\code\putest\PU-dataset-main\K003\K003\N09_M07_F10_K003_5.mat,K003,0,N09,07,10,5,vibration_1|phase_current_1|phase_current_2,261167|261167|261167,HostService|HostService|HostService,2|2|2,True,True,HostService,-0.0028957376196523488,3.9971042623803474,True,
D:\code\putest\PU-dataset-main\K003\K003\N09_M07_F10_K003_6.mat,K003,0,N09,07,10,6,vibration_1|phase_current_1|phase_current_2,256001|256001|256001,HostService|HostService|HostService,2|2|2,True,True,HostService,-0.004026230164518104,3.995973769835482,True,
D:\code\putest\PU-dataset-main\K003\K003\N09_M07_F10_K003_7.mat,K003,0,N09,07,10,7,vibration_1|phase_current_1|phase_current_2,256001|256001|256001,HostService|HostService|HostService,2|2|2,True,True,HostService,-0.002749025950000834,3.997250974049999,True,
D:\code\putest\PU-dataset-main\K003\K003\N09_M07_F10_K003_8.mat,K003,0,N09,07,10,8,vibration_1|phase_current_1|phase_current_2,256000|256000|256000,HostService|HostService|HostService,2|2|2,True,True,HostService,-0.0026690402875377633,3.997330959712462,True,
D:\code\putest\PU-dataset-main\K003\K003\N09_M07_F10_K003_9.mat,K003,0,N09,07,10,9,vibration_1|phase_current_1|phase_current_2,256090|256090|256090,HostService|HostService|HostService,2|2|2,True,True,HostService,0.9940198954711433,4.994019895471143,True,
D:\code\putest\PU-dataset-main\K003\K003\N15_M01_F10_K003_1.mat,K003,0,N15,01,10,1,vibration_1|phase_current_1|phase_current_2,262593|262593|262593,HostService|HostService|HostService,2|2|2,True,True,HostService,-0.002648081477587547,3.9973519185224125,True,
D:\code\putest\PU-dataset-main\K003\K003\N15_M01_F10_K003_10.mat,K003,0,N15,01,10,10,vibration_1|phase_current_1|phase_current_2,256001|256001|256001,HostService|HostService|HostService,2|2|2,True,True,HostService,-0.002689571366672669,3.997310428633327,True,
D:\code\putest\PU-dataset-main\K003\K003\N15_M01_F10_K003_11.mat,K003,0,N15,01,10,11,vibration_1|phase_current_1|phase_current_2,256002|256002|256002,HostService|HostService|HostService,2|2|2,True,True,HostService,-0.0028110469182208624,3.9971889530817792,True,
D:\code\putest\PU-dataset-main\K003\K003\N15_M01_F10_K003_12.mat,K003,0,N15,01,10,12,vibration_1|phase_current_1|phase_current_2,256001|256001|256001,HostService|HostService|HostService,2|2|2,True,True,HostService,-0.004411187898297589,3.9955888121017025,True,
D:\code\putest\PU-dataset-main\K003\K003\N15_M01_F10_K003_13.mat,K003,0,N15,01,10,13,vibration_1|phase_current_1|phase_current_2,256001|256001|256001,HostService|HostService|HostService,2|2|2,True,True,HostService,-0.00280933599495962,3.9971906640050405,True,
D:\code\putest\PU-dataset-main\K003\K003\N15_M01_F10_K003_14.mat,K003,0,N15,01,10,14,vibration_1|phase_current_1|phase_current_2,256058|256058|256058,HostService|HostService|HostService,2|2|2,True,True,HostService,0.9937350267481465,4.993735026748147,True,
D:\code\putest\PU-dataset-main\K003\K003\N15_M01_F10_K003_15.mat,K003,0,N15,01,10,15,vibration_1|phase_current_1|phase_current_2,256001|256001|256001,HostService|HostService|HostService,2|2|2,True,True,HostService,-0.0029137023138953917,3.9970862976861046,True,
D:\code\putest\PU-dataset-main\K003\K003\N15_M01_F10_K003_16.mat,K003,0,N15,01,10,16,vibration_1|phase_current_1|phase_current_2,256001|256001|256001,HostService|HostService|HostService,2|2|2,True,True,HostService,-0.0030762400237133963,3.9969237599762866,True,
D:\code\putest\PU-dataset-main\K003\K003\N15_M01_F10_K003_17.mat,K003,0,N15,01,10,17,vibration_1|phase_current_1|phase_current_2,256001|256001|256001,HostService|HostService|HostService,2|2|2,True,True,HostService,-0.003009941747340263,3.99699005825266,True,
D:\code\putest\PU-dataset-main\K003\K003\N15_M01_F10_K003_18.mat,K003,0,N15,01,10,18,vibration_1|phase_current_1|phase_current_2,256001|256001|256001,HostService|HostService|HostService,2|2|2,True,True,HostService,-0.002925251045908776,3.997074748954091,True,
D:\code\putest\PU-dataset-main\K003\K003\N15_M01_F10_K003_19.mat,K003,0,N15,01,10,19,vibration_1|phase_current_1|phase_current_2,256001|256001|256001,HostService|HostService|HostService,2|2|2,True,True,HostService,-0.0027195125237444067,3.9972804874762558,True,
D:\code\putest\PU-dataset-main\K003\K003\N15_M01_F10_K003_2.mat,K003,0,N15,01,10,2,vibration_1|phase_current_1|phase_current_2,258898|258898|258898,HostService|HostService|HostService,2|2|2,True,True,HostService,-0.0026168571280698774,3.99738314287193,True,
D:\code\putest\PU-dataset-main\K003\K003\N15_M01_F10_K003_20.mat,K003,0,N15,01,10,20,vibration_1|phase_current_1|phase_current_2,258894|258894|258894,HostService|HostService|HostService,2|2|2,True,True,HostService,-0.004239240110542752,3.9957607598894573,True,
D:\code\putest\PU-dataset-main\K003\K003\N15_M01_F10_K003_3.mat,K003,0,N15,01,10,3,vibration_1|phase_current_1|phase_current_2,256001|256001|256001,HostService|HostService|HostService,2|2|2,True,True,HostService,-0.002725928485974065,3.997274071514026,True,
D:\code\putest\PU-dataset-main\K003\K003\N15_M01_F10_K003_4.mat,K003,0,N15,01,10,4,vibration_1|phase_current_1|phase_current_2,256001|256001|256001,HostService|HostService|HostService,2|2|2,True,True,HostService,-0.002812330110666794,3.997187669889333,True,
D:\code\putest\PU-dataset-main\K003\K003\N15_M01_F10_K003_5.mat,K003,0,N15,01,10,5,vibration_1|phase_current_1|phase_current_2,256347|256347|256347,HostService|HostService|HostService,2|2|2,True,True,HostService,0.9915523163976169,4.991552316397617,True,
D:\code\putest\PU-dataset-main\K003\K003\N15_M01_F10_K003_6.mat,K003,0,N15,01,10,6,vibration_1|phase_current_1|phase_current_2,256082|256082|256082,HostService|HostService|HostService,2|2|2,True,True,HostService,0.9925309645030473,4.992530964503048,True,
D:\code\putest\PU-dataset-main\K003\K003\N15_M01_F10_K003_7.mat,K003,0,N15,01,10,7,vibration_1|phase_current_1|phase_current_2,256001|256001|256001,HostService|HostService|HostService,2|2|2,True,True,HostService,-0.0028033477635452725,3.997196652236455,True,
D:\code\putest\PU-dataset-main\K003\K003\N15_M01_F10_K003_8.mat,K003,0,N15,01,10,8,vibration_1|phase_current_1|phase_current_2,256003|256003|256003,HostService|HostService|HostService,2|2|2,True,True,HostService,-0.0027233621010822016,3.997276637898918,True,
D:\code\putest\PU-dataset-main\K003\K003\N15_M01_F10_K003_9.mat,K003,0,N15,01,10,9,vibration_1|phase_current_1|phase_current_2,256001|256001|256001,HostService|HostService|HostService,2|2|2,True,True,HostService,-0.00274603183429366,3.9972539681657064,True,
D:\code\putest\PU-dataset-main\K003\K003\N15_M07_F04_K003_1.mat,K003,0,N15,07,04,1,vibration_1|phase_current_1|phase_current_2,256001|256001|256001,HostService|HostService|HostService,2|2|2,True,True,HostService,-0.002767846105874498,3.9972321538941253,True,
D:\code\putest\PU-dataset-main\K003\K003\N15_M07_F04_K003_10.mat,K003,0,N15,07,04,10,vibration_1|phase_current_1|phase_current_2,262243|262243|262243,HostService|HostService|HostService,2|2|2,True,True,HostService,-0.0026784503654745952,3.9973215496345254,True,
D:\code\putest\PU-dataset-main\K003\K003\N15_M07_F04_K003_11.mat,K003,0,N15,07,04,11,vibration_1|phase_current_1|phase_current_2,256088|256088|256088,HostService|HostService|HostService,2|2|2,True,True,HostService,0.9934386092931363,4.993438609293136,True,
D:\code\putest\PU-dataset-main\K003\K003\N15_M07_F04_K003_12.mat,K003,0,N15,07,04,12,vibration_1|phase_current_1|phase_current_2,256001|256001|256001,HostService|HostService|HostService,2|2|2,True,True,HostService,-0.0026651907101999683,3.9973348092898,True,
D:\code\putest\PU-dataset-main\K003\K003\N15_M07_F04_K003_13.mat,K003,0,N15,07,04,13,vibration_1|phase_current_1|phase_current_2,256001|256001|256001,HostService|HostService|HostService,2|2|2,True,True,HostService,-0.002695987328902327,3.9973040126710977,True,
D:\code\putest\PU-dataset-main\K003\K003\N15_M07_F04_K003_14.mat,K003,0,N15,07,04,14,vibration_1|phase_current_1|phase_current_2,256001|256001|256001,HostService|HostService|HostService,2|2|2,True,True,HostService,-0.0027699847599510505,3.997230015240049,True,
D:\code\putest\PU-dataset-main\K003\K003\N15_M07_F04_K003_15.mat,K003,0,N15,07,04,15,vibration_1|phase_current_1|phase_current_2,256000|256000|256000,HostService|HostService|HostService,2|2|2,True,True,HostService,-0.002665618441015279,3.997334381558985,True,
D:\code\putest\PU-dataset-main\K003\K003\N15_M07_F04_K003_16.mat,K003,0,N15,07,04,16,vibration_1|phase_current_1|phase_current_2,256675|256675|256675,HostService|HostService|HostService,2|2|2,True,True,HostService,0.9939903820448869,4.9939903820448865,True,
D:\code\putest\PU-dataset-main\K003\K003\N15_M07_F04_K003_17.mat,K003,0,N15,07,04,17,vibration_1|phase_current_1|phase_current_2,256001|256001|256001,HostService|HostService|HostService,2|2|2,True,True,HostService,-0.00296802412743983,3.9970319758725603,True,
D:\code\putest\PU-dataset-main\K003\K003\N15_M07_F04_K003_18.mat,K003,0,N15,07,04,18,vibration_1|phase_current_1|phase_current_2,258024|258024|258024,HostService|HostService|HostService,2|2|2,True,True,HostService,-0.0029620358960254826,3.9970379641039746,True,
D:\code\putest\PU-dataset-main\K003\K003\N15_M07_F04_K003_19.mat,K003,0,N15,07,04,19,vibration_1|phase_current_1|phase_current_2,256001|256001|256001,HostService|HostService|HostService,2|2|2,True,True,HostService,-0.0027297780633118596,3.997270221936688,True,
D:\code\putest\PU-dataset-main\K003\K003\N15_M07_F04_K003_2.mat,K003,0,N15,07,04,2,vibration_1|phase_current_1|phase_current_2,260053|260053|260053,HostService|HostService|HostService,2|2|2,True,True,HostService,-0.002933805662214987,3.997066194337785,True,
D:\code\putest\PU-dataset-main\K003\K003\N15_M07_F04_K003_20.mat,K003,0,N15,07,04,20,vibration_1|phase_current_1|phase_current_2,256001|256001|256001,HostService|HostService|HostService,2|2|2,True,True,HostService,-0.004409904705851657,3.9955900952941485,True,
D:\code\putest\PU-dataset-main\K003\K003\N15_M07_F04_K003_3.mat,K003,0,N15,07,04,3,vibration_1|phase_current_1|phase_current_2,256001|256001|256001,HostService|HostService|HostService,2|2|2,True,True,HostService,-0.002601886549534009,3.997398113450466,True,
D:\code\putest\PU-dataset-main\K003\K003\N15_M07_F04_K003_4.mat,K003,0,N15,07,04,4,vibration_1|phase_current_1|phase_current_2,262512|262512|262512,HostService|HostService|HostService,2|2|2,True,True,HostService,-0.0026390991304660254,3.997360900869534,True,
D:\code\putest\PU-dataset-main\K003\K003\N15_M07_F04_K003_5.mat,K003,0,N15,07,04,5,vibration_1|phase_current_1|phase_current_2,256001|256001|256001,HostService|HostService|HostService,2|2|2,True,True,HostService,-0.0026112966274708404,3.997388703372529,True,
D:\code\putest\PU-dataset-main\K003\K003\N15_M07_F04_K003_6.mat,K003,0,N15,07,04,6,vibration_1|phase_current_1|phase_current_2,259792|259792|259792,HostService|HostService|HostService,2|2|2,True,True,HostService,-0.002633110899051678,3.9973668891009484,True,
D:\code\putest\PU-dataset-main\K003\K003\N15_M07_F04_K003_7.mat,K003,0,N15,07,04,7,vibration_1|phase_current_1|phase_current_2,256001|256001|256001,HostService|HostService|HostService,2|2|2,True,True,HostService,-0.0028645132701346798,3.9971354867298654,True,
D:\code\putest\PU-dataset-main\K003\K003\N15_M07_F04_K003_8.mat,K003,0,N15,07,04,8,vibration_1|phase_current_1|phase_current_2,256001|256001|256001,HostService|HostService|HostService,2|2|2,True,True,HostService,-0.002677594903843974,3.997322405096156,True,
D:\code\putest\PU-dataset-main\K003\K003\N15_M07_F04_K003_9.mat,K003,0,N15,07,04,9,vibration_1|phase_current_1|phase_current_2,256001|256001|256001,HostService|HostService|HostService,2|2|2,True,True,HostService,-0.0026972705213482587,3.9973027294786516,True,
D:\code\putest\PU-dataset-main\K003\K003\N15_M07_F10_K003_1.mat,K003,0,N15,07,10,1,vibration_1|phase_current_1|phase_current_2,256000|256000|256000,HostService|HostService|HostService,2|2|2,True,True,HostService,-0.0049060724516118825,3.995093927548388,True,
D:\code\putest\PU-dataset-main\K003\K003\N15_M07_F10_K003_10.mat,K003,0,N15,07,10,10,vibration_1|phase_current_1|phase_current_2,256001|256001|256001,HostService|HostService|HostService,2|2|2,True,True,HostService,-0.0028097637257749304,3.997190236274225,True,
D:\code\putest\PU-dataset-main\K003\K003\N15_M07_F10_K003_11.mat,K003,0,N15,07,10,11,vibration_1|phase_current_1|phase_current_2,256957|256957|256957,HostService|HostService|HostService,2|2|2,True,True,HostService,0.9928637390773589,4.992863739077359,True,
D:\code\putest\PU-dataset-main\K003\K003\N15_M07_F10_K003_12.mat,K003,0,N15,07,10,12,vibration_1|phase_current_1|phase_current_2,256171|256171|256171,HostService|HostService|HostService,2|2|2,True,True,HostService,0.9941974037594973,4.994197403759498,True,
D:\code\putest\PU-dataset-main\K003\K003\N15_M07_F10_K003_13.mat,K003,0,N15,07,10,13,vibration_1|phase_current_1|phase_current_2,256059|256059|256059,HostService|HostService|HostService,2|2|2,True,True,HostService,0.9919103270900318,4.991910327090032,True,
D:\code\putest\PU-dataset-main\K003\K003\N15_M07_F10_K003_14.mat,K003,0,N15,07,10,14,vibration_1|phase_current_1|phase_current_2,260348|260348|260348,HostService|HostService|HostService,2|2|2,True,True,HostService,-0.0028516813456753633,3.997148318654325,True,
D:\code\putest\PU-dataset-main\K003\K003\N15_M07_F10_K003_15.mat,K003,0,N15,07,10,15,vibration_1|phase_current_1|phase_current_2,258735|258735|258735,HostService|HostService|HostService,2|2|2,True,True,HostService,-0.0027058251376544697,3.9972941748623456,True,
D:\code\putest\PU-dataset-main\K003\K003\N15_M07_F10_K003_16.mat,K003,0,N15,07,10,16,vibration_1|phase_current_1|phase_current_2,256112|256112|256112,HostService|HostService|HostService,2|2|2,True,True,HostService,0.9940789223236562,4.994078922323657,True,
D:\code\putest\PU-dataset-main\K003\K003\N15_M07_F10_K003_17.mat,K003,0,N15,07,10,17,vibration_1|phase_current_1|phase_current_2,261537|261537|261537,HostService|HostService|HostService,2|2|2,True,True,HostService,-0.0025967537797502824,3.99740324622025,True,
D:\code\putest\PU-dataset-main\K003\K003\N15_M07_F10_K003_18.mat,K003,0,N15,07,10,18,vibration_1|phase_current_1|phase_current_2,256107|256107|256107,HostService|HostService|HostService,2|2|2,True,True,HostService,0.9940686567840887,4.994068656784089,True,
D:\code\putest\PU-dataset-main\K003\K003\N15_M07_F10_K003_19.mat,K003,0,N15,07,10,19,vibration_1|phase_current_1|phase_current_2,256001|256001|256001,HostService|HostService|HostService,2|2|2,True,True,HostService,-0.0027083915225463327,3.9972916084774535,True,
D:\code\putest\PU-dataset-main\K003\K003\N15_M07_F10_K003_2.mat,K003,0,N15,07,10,2,vibration_1|phase_current_1|phase_current_2,256001|256001|256001,HostService|HostService|HostService,2|2|2,True,True,HostService,-0.002747315026739592,3.9972526849732604,True,
D:\code\putest\PU-dataset-main\K003\K003\N15_M07_F10_K003_20.mat,K003,0,N15,07,10,20,vibration_1|phase_current_1|phase_current_2,256972|256972|256972,HostService|HostService|HostService,2|2|2,True,True,HostService,0.9942483037265192,4.994248303726519,True,
D:\code\putest\PU-dataset-main\K003\K003\N15_M07_F10_K003_3.mat,K003,0,N15,07,10,3,vibration_1|phase_current_1|phase_current_2,256001|256001|256001,HostService|HostService|HostService,2|2|2,True,True,HostService,-0.005193079828685254,3.994806920171315,True,
D:\code\putest\PU-dataset-main\K003\K003\N15_M07_F10_K003_4.mat,K003,0,N15,07,10,4,vibration_1|phase_current_1|phase_current_2,256095|256095|256095,HostService|HostService|HostService,2|2|2,True,True,HostService,0.9930113062086411,4.993011306208641,True,
D:\code\putest\PU-dataset-main\K003\K003\N15_M07_F10_K003_5.mat,K003,0,N15,07,10,5,vibration_1|phase_current_1|phase_current_2,256112|256112|256112,HostService|HostService|HostService,2|2|2,True,True,HostService,0.9941229785976332,4.994122978597633,True,
D:\code\putest\PU-dataset-main\K003\K003\N15_M07_F10_K003_6.mat,K003,0,N15,07,10,6,vibration_1|phase_current_1|phase_current_2,256000|256000|256000,HostService|HostService|HostService,2|2|2,True,True,HostService,-0.0027002646370554327,3.9972997353629447,True,
D:\code\putest\PU-dataset-main\K003\K003\N15_M07_F10_K003_7.mat,K003,0,N15,07,10,7,vibration_1|phase_current_1|phase_current_2,256001|256001|256001,HostService|HostService|HostService,2|2|2,True,True,HostService,-0.0038427336447498825,3.99615726635525,True,
D:\code\putest\PU-dataset-main\K003\K003\N15_M07_F10_K003_8.mat,K003,0,N15,07,10,8,vibration_1|phase_current_1|phase_current_2,256000|256000|256000,HostService|HostService|HostService,2|2|2,True,True,HostService,-0.002850398153229432,3.9971496018467705,True,
D:\code\putest\PU-dataset-main\K003\K003\N15_M07_F10_K003_9.mat,K003,0,N15,07,10,9,vibration_1|phase_current_1|phase_current_2,256002|256002|256002,HostService|HostService|HostService,2|2|2,True,True,HostService,-0.0038239134888762186,3.9961760865111238,True,
D:\code\putest\PU-dataset-main\KA04\KA04\N09_M07_F10_KA04_1.mat,KA04,1,N09,07,10,1,vibration_1|phase_current_1|phase_current_2,256001|256001|256001,HostService|HostService|HostService,2|2|2,True,True,HostService,-0.002245567570411375,3.9977544324295886,True,
D:\code\putest\PU-dataset-main\KA04\KA04\N09_M07_F10_KA04_10.mat,KA04,1,N09,07,10,10,vibration_1|phase_current_1|phase_current_2,256001|256001|256001,HostService|HostService|HostService,2|2|2,True,True,HostService,-0.002128370329593715,3.9978716296704064,True,
D:\code\putest\PU-dataset-main\KA04\KA04\N09_M07_F10_KA04_11.mat,KA04,1,N09,07,10,11,vibration_1|phase_current_1|phase_current_2,256078|256078|256078,HostService|HostService|HostService,2|2|2,True,True,HostService,0.9942996801884053,4.994299680188405,True,
D:\code\putest\PU-dataset-main\KA04\KA04\N09_M07_F10_KA04_12.mat,KA04,1,N09,07,10,12,vibration_1|phase_current_1|phase_current_2,256001|256001|256001,HostService|HostService|HostService,2|2|2,True,True,HostService,-0.0021360694184065538,3.9978639305815933,True,
D:\code\putest\PU-dataset-main\KA04\KA04\N09_M07_F10_KA04_13.mat,KA04,1,N09,07,10,13,vibration_1|phase_current_1|phase_current_2,256003|256003|256003,HostService|HostService|HostService,2|2|2,True,True,HostService,-0.002234018937192117,3.9977659810628077,True,
D:\code\putest\PU-dataset-main\KA04\KA04\N09_M07_F10_KA04_14.mat,KA04,1,N09,07,10,14,vibration_1|phase_current_1|phase_current_2,256097|256097|256097,HostService|HostService|HostService,2|2|2,True,True,HostService,0.9943501519928449,4.994350151992845,True,
D:\code\putest\PU-dataset-main\KA04\KA04\N09_M07_F10_KA04_15.mat,KA04,1,N09,07,10,15,vibration_1|phase_current_1|phase_current_2,256096|256096|256096,HostService|HostService|HostService,2|2|2,True,True,HostService,-0.0019619844658051388,3.998038015534195,True,
D:\code\putest\PU-dataset-main\KA04\KA04\N09_M07_F10_KA04_16.mat,KA04,1,N09,07,10,16,vibration_1|phase_current_1|phase_current_2,256000|256000|256000,HostService|HostService|HostService,2|2|2,True,True,HostService,-0.002035553536683378,3.9979644464633166,True,
D:\code\putest\PU-dataset-main\KA04\KA04\N09_M07_F10_KA04_17.mat,KA04,1,N09,07,10,17,vibration_1|phase_current_1|phase_current_2,256082|256082|256082,HostService|HostService|HostService,2|2|2,True,True,HostService,-0.00214847350593835,3.9978515264940615,True,
D:\code\putest\PU-dataset-main\KA04\KA04\N09_M07_F10_KA04_18.mat,KA04,1,N09,07,10,18,vibration_1|phase_current_1|phase_current_2,256082|256082|256082,HostService|HostService|HostService,2|2|2,True,True,HostService,-0.00214847350593835,3.9978515264940615,True,
D:\code\putest\PU-dataset-main\KA04\KA04\N09_M07_F10_KA04_19.mat,KA04,1,N09,07,10,19,vibration_1|phase_current_1|phase_current_2,256001|256001|256001,HostService|HostService|HostService,2|2|2,True,True,HostService,-0.0021343585097814786,3.9978656414902187,True,
D:\code\putest\PU-dataset-main\KA04\KA04\N09_M07_F10_KA04_2.mat,KA04,1,N09,07,10,2,vibration_1|phase_current_1|phase_current_2,256078|256078|256078,HostService|HostService|HostService,2|2|2,True,True,HostService,0.9926995528968036,4.992699552896804,True,
D:\code\putest\PU-dataset-main\KA04\KA04\N09_M07_F10_KA04_20.mat,KA04,1,N09,07,10,20,vibration_1|phase_current_1|phase_current_2,256079|256079|256079,HostService|HostService|HostService,2|2|2,True,True,HostService,-0.004708420536207318,3.995291579463793,True,
D:\code\putest\PU-dataset-main\KA04\KA04\N09_M07_F10_KA04_3.mat,KA04,1,N09,07,10,3,vibration_1|phase_current_1|phase_current_2,256001|256001|256001,HostService|HostService|HostService,2|2|2,True,True,HostService,-0.002209638489284793,3.9977903615107153,True,
D:\code\putest\PU-dataset-main\KA04\KA04\N09_M07_F10_KA04_4.mat,KA04,1,N09,07,10,4,vibration_1|phase_current_1|phase_current_2,256000|256000|256000,HostService|HostService|HostService,2|2|2,True,True,HostService,-0.002035981263839647,3.9979640187361603,True,
D:\code\putest\PU-dataset-main\KA04\KA04\N09_M07_F10_KA04_5.mat,KA04,1,N09,07,10,5,vibration_1|phase_current_1|phase_current_2,256001|256001|256001,HostService|HostService|HostService,2|2|2,True,True,HostService,-0.002023149449151582,3.9979768505508484,True,
D:\code\putest\PU-dataset-main\KA04\KA04\N09_M07_F10_KA04_6.mat,KA04,1,N09,07,10,6,vibration_1|phase_current_1|phase_current_2,256089|256089|256089,HostService|HostService|HostService,2|2|2,True,True,HostService,0.9935879422003739,4.993587942200374,True,
D:\code\putest\PU-dataset-main\KA04\KA04\N09_M07_F10_KA04_7.mat,KA04,1,N09,07,10,7,vibration_1|phase_current_1|phase_current_2,256949|256949|256949,HostService|HostService|HostService,2|2|2,True,True,HostService,0.9935293435799651,4.993529343579965,True,
D:\code\putest\PU-dataset-main\KA04\KA04\N09_M07_F10_KA04_8.mat,KA04,1,N09,07,10,8,vibration_1|phase_current_1|phase_current_2,256002|256002|256002,HostService|HostService|HostService,2|2|2,True,True,HostService,-0.0024239297945754788,3.9975760702054246,True,
D:\code\putest\PU-dataset-main\KA04\KA04\N09_M07_F10_KA04_9.mat,KA04,1,N09,07,10,9,vibration_1|phase_current_1|phase_current_2,256001|256001|256001,HostService|HostService|HostService,2|2|2,True,True,HostService,-0.002125376239499833,3.9978746237605,True,
D:\code\putest\PU-dataset-main\KA04\KA04\N15_M01_F10_KA04_1.mat,KA04,1,N15,01,10,1,vibration_1|phase_current_1|phase_current_2,256332|256332|256332,HostService|HostService|HostService,2|2|2,True,True,HostService,-0.0036331144653474704,3.9963668855346524,True,
D:\code\putest\PU-dataset-main\KA04\KA04\N15_M01_F10_KA04_10.mat,KA04,1,N15,01,10,10,vibration_1|phase_current_1|phase_current_2,256000|256000|256000,HostService|HostService|HostService,2|2|2,True,True,HostService,-0.0020214385405265063,3.9979785614594734,True,
D:\code\putest\PU-dataset-main\KA04\KA04\N15_M01_F10_KA04_11.mat,KA04,1,N15,01,10,11,vibration_1|phase_current_1|phase_current_2,256001|256001|256001,HostService|HostService|HostService,2|2|2,True,True,HostService,-0.0021266594209686396,3.9978733405790314,True,
D:\code\putest\PU-dataset-main\KA04\KA04\N15_M01_F10_KA04_12.mat,KA04,1,N15,01,10,12,vibration_1|phase_current_1|phase_current_2,256004|256004|256004,HostService|HostService|HostService,2|2|2,True,True,HostService,-0.0020060403629008285,3.9979939596370992,True,
D:\code\putest\PU-dataset-main\KA04\KA04\N15_M01_F10_KA04_13.mat,KA04,1,N15,01,10,13,vibration_1|phase_current_1|phase_current_2,256094|256094|256094,HostService|HostService|HostService,2|2|2,True,True,HostService,-0.0020723380721224976,3.9979276619278776,True,
D:\code\putest\PU-dataset-main\KA04\KA04\N15_M01_F10_KA04_14.mat,KA04,1,N15,01,10,14,vibration_1|phase_current_1|phase_current_2,256001|256001|256001,HostService|HostService|HostService,2|2|2,True,True,HostService,-0.0021805530426585126,3.9978194469573416,True,
D:\code\putest\PU-dataset-main\KA04\KA04\N15_M01_F10_KA04_15.mat,KA04,1,N15,01,10,15,vibration_1|phase_current_1|phase_current_2,256001|256001|256001,HostService|HostService|HostService,2|2|2,True,True,HostService,-0.0020120285430885922,3.9979879714569115,True,
D:\code\putest\PU-dataset-main\KA04\KA04\N15_M01_F10_KA04_16.mat,KA04,1,N15,01,10,16,vibration_1|phase_current_1|phase_current_2,262735|262735|262735,HostService|HostService|HostService,2|2|2,True,True,HostService,-0.002227603029848084,3.9977723969701517,True,
D:\code\putest\PU-dataset-main\KA04\KA04\N15_M01_F10_KA04_17.mat,KA04,1,N15,01,10,17,vibration_1|phase_current_1|phase_current_2,255999|255999|255999,HostService|HostService|HostService,2|2|2,True,True,HostService,-0.002050096259996518,3.9979499037400035,True,
D:\code\putest\PU-dataset-main\KA04\KA04\N15_M01_F10_KA04_18.mat,KA04,1,N15,01,10,18,vibration_1|phase_current_1|phase_current_2,256772|256772|256772,HostService|HostService|HostService,2|2|2,True,True,HostService,-0.0020128839974011296,3.997987116002599,True,
D:\code\putest\PU-dataset-main\KA04\KA04\N15_M01_F10_KA04_19.mat,KA04,1,N15,01,10,19,vibration_1|phase_current_1|phase_current_2,256089|256089|256089,HostService|HostService|HostService,2|2|2,True,True,HostService,0.9950037190876238,4.995003719087624,True,
D:\code\putest\PU-dataset-main\KA04\KA04\N15_M01_F10_KA04_2.mat,KA04,1,N15,01,10,2,vibration_1|phase_current_1|phase_current_2,256002|256002|256002,HostService|HostService|HostService,2|2|2,True,True,HostService,-0.0023311130016651417,3.997668886998335,True,
D:\code\putest\PU-dataset-main\KA04\KA04\N15_M01_F10_KA04_20.mat,KA04,1,N15,01,10,20,vibration_1|phase_current_1|phase_current_2,256001|256001|256001,HostService|HostService|HostService,2|2|2,True,True,HostService,-0.0019962026383066453,3.9980037973616933,True,
D:\code\putest\PU-dataset-main\KA04\KA04\N15_M01_F10_KA04_3.mat,KA04,1,N15,01,10,3,vibration_1|phase_current_1|phase_current_2,256001|256001|256001,HostService|HostService|HostService,2|2|2,True,True,HostService,-0.0024260684303568226,3.9975739315696432,True,
D:\code\putest\PU-dataset-main\KA04\KA04\N15_M01_F10_KA04_4.mat,KA04,1,N15,01,10,4,vibration_1|phase_current_1|phase_current_2,256083|256083|256083,HostService|HostService|HostService,2|2|2,True,True,HostService,-0.0019726776447118594,3.9980273223552882,True,
D:\code\putest\PU-dataset-main\KA04\KA04\N15_M01_F10_KA04_5.mat,KA04,1,N15,01,10,5,vibration_1|phase_current_1|phase_current_2,256001|256001|256001,HostService|HostService|HostService,2|2|2,True,True,HostService,-0.002756273794996362,3.997243726205004,True,
D:\code\putest\PU-dataset-main\KA04\KA04\N15_M01_F10_KA04_6.mat,KA04,1,N15,01,10,6,vibration_1|phase_current_1|phase_current_2,256000|256000|256000,HostService|HostService|HostService,2|2|2,True,True,HostService,-0.0020548012587154755,3.9979451987412844,True,
D:\code\putest\PU-dataset-main\KA04\KA04\N15_M01_F10_KA04_7.mat,KA04,1,N15,01,10,7,vibration_1|phase_current_1|phase_current_2,256004|256004|256004,HostService|HostService|HostService,2|2|2,True,True,HostService,-0.0019234890217409437,3.998076510978259,True,
D:\code\putest\PU-dataset-main\KA04\KA04\N15_M01_F10_KA04_8.mat,KA04,1,N15,01,10,8,vibration_1|phase_current_1|phase_current_2,256001|256001|256001,HostService|HostService|HostService,2|2|2,True,True,HostService,-0.0018717340358324148,3.9981282659641675,True,
D:\code\putest\PU-dataset-main\KA04\KA04\N15_M01_F10_KA04_9.mat,KA04,1,N15,01,10,9,vibration_1|phase_current_1|phase_current_2,256084|256084|256084,HostService|HostService|HostService,2|2|2,True,True,HostService,-0.0020394030810897976,3.9979605969189103,True,
D:\code\putest\PU-dataset-main\KA04\KA04\N15_M07_F04_KA04_1.mat,KA04,1,N15,07,04,1,vibration_1|phase_current_1|phase_current_2,256475|256475|256475,HostService|HostService|HostService,2|2|2,True,True,HostService,-0.0020342703552145716,3.9979657296447852,True,
D:\code\putest\PU-dataset-main\KA04\KA04\N15_M07_F04_KA04_10.mat,KA04,1,N15,07,04,10,vibration_1|phase_current_1|phase_current_2,256001|256001|256001,HostService|HostService|HostService,2|2|2,True,True,HostService,-0.0020120285430885922,3.9979879714569115,True,
D:\code\putest\PU-dataset-main\KA04\KA04\N15_M07_F04_KA04_11.mat,KA04,1,N15,07,04,11,vibration_1|phase_current_1|phase_current_2,256524|256524|256524,HostService|HostService|HostService,2|2|2,True,True,HostService,-0.0020133117245573987,3.9979866882754425,True,
D:\code\putest\PU-dataset-main\KA04\KA04\N15_M07_F04_KA04_12.mat,KA04,1,N15,07,04,12,vibration_1|phase_current_1|phase_current_2,256001|256001|256001,HostService|HostService|HostService,2|2|2,True,True,HostService,-0.002248561660505257,3.9977514383394945,True,
D:\code\putest\PU-dataset-main\KA04\KA04\N15_M07_F04_KA04_13.mat,KA04,1,N15,07,04,13,vibration_1|phase_current_1|phase_current_2,256001|256001|256001,HostService|HostService|HostService,2|2|2,True,True,HostService,-0.0019829430964623113,3.998017056903538,True,
D:\code\putest\PU-dataset-main\KA04\KA04\N15_M07_F04_KA04_14.mat,KA04,1,N15,07,04,14,vibration_1|phase_current_1|phase_current_2,256001|256001|256001,HostService|HostService|HostService,2|2|2,True,True,HostService,-0.001960273557180063,3.99803972644282,True,
D:\code\putest\PU-dataset-main\KA04\KA04\N15_M07_F04_KA04_15.mat,KA04,1,N15,07,04,15,vibration_1|phase_current_1|phase_current_2,256081|256081|256081,HostService|HostService|HostService,2|2|2,True,True,HostService,0.9930571327994443,4.993057132799445,True,
D:\code\putest\PU-dataset-main\KA04\KA04\N15_M07_F04_KA04_16.mat,KA04,1,N15,07,04,16,vibration_1|phase_current_1|phase_current_2,256084|256084|256084,HostService|HostService|HostService,2|2|2,True,True,HostService,-0.0020034739999632155,3.997996526000037,True,
D:\code\putest\PU-dataset-main\KA04\KA04\N15_M07_F04_KA04_17.mat,KA04,1,N15,07,04,17,vibration_1|phase_current_1|phase_current_2,256001|256001|256001,HostService|HostService|HostService,2|2|2,True,True,HostService,-0.0022605380208807844,3.997739461979119,True,
D:\code\putest\PU-dataset-main\KA04\KA04\N15_M07_F04_KA04_18.mat,KA04,1,N15,07,04,18,vibration_1|phase_current_1|phase_current_2,256088|256088|256088,HostService|HostService|HostService,2|2|2,True,True,HostService,0.9948873773011186,4.994887377301119,True,
D:\code\putest\PU-dataset-main\KA04\KA04\N15_M07_F04_KA04_19.mat,KA04,1,N15,07,04,19,vibration_1|phase_current_1|phase_current_2,256000|256000|256000,HostService|HostService|HostService,2|2|2,True,True,HostService,-0.0019256276575222878,3.9980743723424776,True,
D:\code\putest\PU-dataset-main\KA04\KA04\N15_M07_F04_KA04_2.mat,KA04,1,N15,07,04,2,vibration_1|phase_current_1|phase_current_2,256123|256123|256123,HostService|HostService|HostService,2|2|2,True,True,HostService,0.9934827213199318,4.993482721319932,True,
D:\code\putest\PU-dataset-main\KA04\KA04\N15_M07_F04_KA04_20.mat,KA04,1,N15,07,04,20,vibration_1|phase_current_1|phase_current_2,256081|256081|256081,HostService|HostService|HostService,2|2|2,True,True,HostService,0.9930571327994443,4.993057132799445,True,
D:\code\putest\PU-dataset-main\KA04\KA04\N15_M07_F04_KA04_3.mat,KA04,1,N15,07,04,3,vibration_1|phase_current_1|phase_current_2,256000|256000|256000,HostService|HostService|HostService,2|2|2,True,True,HostService,-0.002012456270244861,3.997987543729755,True,
D:\code\putest\PU-dataset-main\KA04\KA04\N15_M07_F04_KA04_4.mat,KA04,1,N15,07,04,4,vibration_1|phase_current_1|phase_current_2,256001|256001|256001,HostService|HostService|HostService,2|2|2,True,True,HostService,-0.0018768667617076408,3.9981231332382925,True,
D:\code\putest\PU-dataset-main\KA04\KA04\N15_M07_F04_KA04_5.mat,KA04,1,N15,07,04,5,vibration_1|phase_current_1|phase_current_2,256000|256000|256000,HostService|HostService|HostService,2|2|2,True,True,HostService,-0.0019256276575222878,3.9980743723424776,True,
D:\code\putest\PU-dataset-main\KA04\KA04\N15_M07_F04_KA04_6.mat,KA04,1,N15,07,04,6,vibration_1|phase_current_1|phase_current_2,256081|256081|256081,HostService|HostService|HostService,2|2|2,True,True,HostService,0.9930571327994443,4.993057132799445,True,
D:\code\putest\PU-dataset-main\KA04\KA04\N15_M07_F04_KA04_7.mat,KA04,1,N15,07,04,7,vibration_1|phase_current_1|phase_current_2,256086|256086|256086,HostService|HostService|HostService,2|2|2,True,True,HostService,-0.0020158780874950117,3.997984121912505,True,
D:\code\putest\PU-dataset-main\KA04\KA04\N15_M07_F04_KA04_8.mat,KA04,1,N15,07,04,8,vibration_1|phase_current_1|phase_current_2,256001|256001|256001,HostService|HostService|HostService,2|2|2,True,True,HostService,-0.001991925366743957,3.998008074633256,True,
D:\code\putest\PU-dataset-main\KA04\KA04\N15_M07_F04_KA04_9.mat,KA04,1,N15,07,04,9,vibration_1|phase_current_1|phase_current_2,256002|256002|256002,HostService|HostService|HostService,2|2|2,True,True,HostService,-0.0023007443735700546,3.99769925562643,True,
D:\code\putest\PU-dataset-main\KA04\KA04\N15_M07_F10_KA04_1.mat,KA04,1,N15,07,10,1,vibration_1|phase_current_1|phase_current_2,256004|256004|256004,HostService|HostService|HostService,2|2|2,True,True,HostService,-0.0047789955169916755,3.9952210044830085,True,
D:\code\putest\PU-dataset-main\KA04\KA04\N15_M07_F10_KA04_10.mat,KA04,1,N15,07,10,10,vibration_1|phase_current_1|phase_current_2,256001|256001|256001,HostService|HostService|HostService,2|2|2,True,True,HostService,-0.002014594906026205,3.997985405093974,True,
D:\code\putest\PU-dataset-main\KA04\KA04\N15_M07_F10_KA04_11.mat,KA04,1,N15,07,10,11,vibration_1|phase_current_1|phase_current_2,256002|256002|256002,HostService|HostService|HostService,2|2|2,True,True,HostService,-0.002602719745895851,3.9973972802541042,True,
D:\code\putest\PU-dataset-main\KA04\KA04\N15_M07_F10_KA04_12.mat,KA04,1,N15,07,10,12,vibration_1|phase_current_1|phase_current_2,256000|256000|256000,HostService|HostService|HostService,2|2|2,True,True,HostService,-0.0020723380721224976,3.9979276619278776,True,
D:\code\putest\PU-dataset-main\KA04\KA04\N15_M07_F10_KA04_13.mat,KA04,1,N15,07,10,13,vibration_1|phase_current_1|phase_current_2,256001|256001|256001,HostService|HostService|HostService,2|2|2,True,True,HostService,-0.002095435338561015,3.997904564661439,True,
D:\code\putest\PU-dataset-main\KA04\KA04\N15_M07_F10_KA04_14.mat,KA04,1,N15,07,10,14,vibration_1|phase_current_1|phase_current_2,256097|256097|256097,HostService|HostService|HostService,2|2|2,True,True,HostService,-0.002099712610123703,3.9979002873898764,True,
D:\code\putest\PU-dataset-main\KA04\KA04\N15_M07_F10_KA04_15.mat,KA04,1,N15,07,10,15,vibration_1|phase_current_1|phase_current_2,256093|256093|256093,HostService|HostService|HostService,2|2|2,True,True,HostService,-0.00207148261780996,3.99792851738219,True,
D:\code\putest\PU-dataset-main\KA04\KA04\N15_M07_F10_KA04_16.mat,KA04,1,N15,07,10,16,vibration_1|phase_current_1|phase_current_2,256086|256086|256086,HostService|HostService|HostService,2|2|2,True,True,HostService,-0.0022318803014107725,3.997768119698589,True,
D:\code\putest\PU-dataset-main\KA04\KA04\N15_M07_F10_KA04_17.mat,KA04,1,N15,07,10,17,vibration_1|phase_current_1|phase_current_2,256001|256001|256001,HostService|HostService|HostService,2|2|2,True,True,HostService,-0.00203854762677726,3.9979614523732225,True,
D:\code\putest\PU-dataset-main\KA04\KA04\N15_M07_F10_KA04_18.mat,KA04,1,N15,07,10,18,vibration_1|phase_current_1|phase_current_2,256001|256001|256001,HostService|HostService|HostService,2|2|2,True,True,HostService,-0.0020650667104659274,3.997934933289534,True,
D:\code\putest\PU-dataset-main\KA04\KA04\N15_M07_F10_KA04_19.mat,KA04,1,N15,07,10,19,vibration_1|phase_current_1|phase_current_2,256001|256001|256001,HostService|HostService|HostService,2|2|2,True,True,HostService,-0.0021009957915925095,3.9978990042084073,True,
D:\code\putest\PU-dataset-main\KA04\KA04\N15_M07_F10_KA04_2.mat,KA04,1,N15,07,10,2,vibration_1|phase_current_1|phase_current_2,262062|262062|262062,HostService|HostService|HostService,2|2|2,True,True,HostService,-0.002139063508500436,3.9978609364914997,True,
D:\code\putest\PU-dataset-main\KA04\KA04\N15_M07_F10_KA04_20.mat,KA04,1,N15,07,10,20,vibration_1|phase_current_1|phase_current_2,256001|256001|256001,HostService|HostService|HostService,2|2|2,True,True,HostService,-0.0023371011818529054,3.997662898818147,True,
D:\code\putest\PU-dataset-main\KA04\KA04\N15_M07_F10_KA04_3.mat,KA04,1,N15,07,10,3,vibration_1|phase_current_1|phase_current_2,257144|257144|257144,HostService|HostService|HostService,2|2|2,True,True,HostService,-0.0022335912100358477,3.997766408789964,True,
D:\code\putest\PU-dataset-main\KA04\KA04\N15_M07_F10_KA04_4.mat,KA04,1,N15,07,10,4,vibration_1|phase_current_1|phase_current_2,256088|256088|256088,HostService|HostService|HostService,2|2|2,True,True,HostService,-0.0020218662676827755,3.997978133732317,True,
D:\code\putest\PU-dataset-main\KA04\KA04\N15_M07_F10_KA04_5.mat,KA04,1,N15,07,10,5,vibration_1|phase_current_1|phase_current_2,256001|256001|256001,HostService|HostService|HostService,2|2|2,True,True,HostService,-0.0021168216963744564,3.9978831783036255,True,
D:\code\putest\PU-dataset-main\KA04\KA04\N15_M07_F10_KA04_6.mat,KA04,1,N15,07,10,6,vibration_1|phase_current_1|phase_current_2,256002|256002|256002,HostService|HostService|HostService,2|2|2,True,True,HostService,-0.002286201650256914,3.9977137983497433,True,
D:\code\putest\PU-dataset-main\KA04\KA04\N15_M07_F10_KA04_7.mat,KA04,1,N15,07,10,7,vibration_1|phase_current_1|phase_current_2,256125|256125|256125,HostService|HostService|HostService,2|2|2,True,True,HostService,0.99276071788015,4.99276071788015,True,
D:\code\putest\PU-dataset-main\KA04\KA04\N15_M07_F10_KA04_8.mat,KA04,1,N15,07,10,8,vibration_1|phase_current_1|phase_current_2,256003|256003|256003,HostService|HostService|HostService,2|2|2,True,True,HostService,-0.002049240805683981,3.997950759194316,True,
D:\code\putest\PU-dataset-main\KA04\KA04\N15_M07_F10_KA04_9.mat,KA04,1,N15,07,10,9,vibration_1|phase_current_1|phase_current_2,256001|256001|256001,HostService|HostService|HostService,2|2|2,True,True,HostService,-0.0023773075345421757,3.9976226924654577,True,
D:\code\putest\PU-dataset-main\KA15\KA15\N09_M07_F10_KA15_1.mat,KA15,1,N09,07,10,1,vibration_1|phase_current_1|phase_current_2,256001|256001|256001,HostService|HostService|HostService,2|2|2,True,True,HostService,-0.002201056644060141,3.99779894335594,True,
D:\code\putest\PU-dataset-main\KA15\KA15\N09_M07_F10_KA15_10.mat,KA15,1,N09,07,10,10,vibration_1|phase_current_1|phase_current_2,256001|256001|256001,HostService|HostService|HostService,2|2|2,True,True,HostService,-0.002184803213730898,3.997815196786269,True,
D:\code\putest\PU-dataset-main\KA15\KA15\N09_M07_F10_KA15_11.mat,KA15,1,N09,07,10,11,vibration_1|phase_current_1|phase_current_2,256001|256001|256001,HostService|HostService|HostService,2|2|2,True,True,HostService,-0.002266070365377114,3.997733929634623,True,
D:\code\putest\PU-dataset-main\KA15\KA15\N09_M07_F10_KA15_12.mat,KA15,1,N09,07,10,12,vibration_1|phase_current_1|phase_current_2,256001|256001|256001,HostService|HostService|HostService,2|2|2,True,True,HostService,-0.002358458285143338,3.9976415417148567,True,
D:\code\putest\PU-dataset-main\KA15\KA15\N09_M07_F10_KA15_13.mat,KA15,1,N09,07,10,13,vibration_1|phase_current_1|phase_current_2,256001|256001|256001,HostService|HostService|HostService,2|2|2,True,True,HostService,-0.002132621147937012,3.997867378852063,True,
D:\code\putest\PU-dataset-main\KA15\KA15\N09_M07_F10_KA15_14.mat,KA15,1,N09,07,10,14,vibration_1|phase_current_1|phase_current_2,256001|256001|256001,HostService|HostService|HostService,2|2|2,True,True,HostService,-0.002097975678024678,3.9979020243219754,True,
D:\code\putest\PU-dataset-main\KA15\KA15\N09_M07_F10_KA15_15.mat,KA15,1,N09,07,10,15,vibration_1|phase_current_1|phase_current_2,256003|256003|256003,HostService|HostService|HostService,2|2|2,True,True,HostService,-0.0022605099813171096,3.9977394900186827,True,
D:\code\putest\PU-dataset-main\KA15\KA15\N09_M07_F10_KA15_16.mat,KA15,1,N09,07,10,16,vibration_1|phase_current_1|phase_current_2,256000|256000|256000,HostService|HostService|HostService,2|2|2,True,True,HostService,-0.0023520424573817947,3.9976479575426183,True,
D:\code\putest\PU-dataset-main\KA15\KA15\N09_M07_F10_KA15_17.mat,KA15,1,N09,07,10,17,vibration_1|phase_current_1|phase_current_2,256000|256000|256000,HostService|HostService|HostService,2|2|2,True,True,HostService,-0.002177959664118585,3.9978220403358815,True,
D:\code\putest\PU-dataset-main\KA15\KA15\N09_M07_F10_KA15_18.mat,KA15,1,N09,07,10,18,vibration_1|phase_current_1|phase_current_2,256001|256001|256001,HostService|HostService|HostService,2|2|2,True,True,HostService,-0.002336644470754091,3.997663355529246,True,
D:\code\putest\PU-dataset-main\KA15\KA15\N09_M07_F10_KA15_19.mat,KA15,1,N09,07,10,19,vibration_1|phase_current_1|phase_current_2,256002|256002|256002,HostService|HostService|HostService,2|2|2,True,True,HostService,-0.0021967794255524455,3.9978032205744474,True,
D:\code\putest\PU-dataset-main\KA15\KA15\N09_M07_F10_KA15_2.mat,KA15,1,N09,07,10,2,vibration_1|phase_current_1|phase_current_2,256001|256001|256001,HostService|HostService|HostService,2|2|2,True,True,HostService,-0.0020693183140231175,3.9979306816859768,True,
D:\code\putest\PU-dataset-main\KA15\KA15\N09_M07_F10_KA15_20.mat,KA15,1,N09,07,10,20,vibration_1|phase_current_1|phase_current_2,256001|256001|256001,HostService|HostService|HostService,2|2|2,True,True,HostService,-0.0021933576507462893,3.9978066423492535,True,
D:\code\putest\PU-dataset-main\KA15\KA15\N09_M07_F10_KA15_3.mat,KA15,1,N09,07,10,3,vibration_1|phase_current_1|phase_current_2,256001|256001|256001,HostService|HostService|HostService,2|2|2,True,True,HostService,-0.0021775319422678153,3.9978224680577323,True,
D:\code\putest\PU-dataset-main\KA15\KA15\N09_M07_F10_KA15_4.mat,KA15,1,N09,07,10,4,vibration_1|phase_current_1|phase_current_2,256002|256002|256002,HostService|HostService|HostService,2|2|2,True,True,HostService,-0.002066324261067731,3.997933675738932,True,
D:\code\putest\PU-dataset-main\KA15\KA15\N09_M07_F10_KA15_5.mat,KA15,1,N09,07,10,5,vibration_1|phase_current_1|phase_current_2,256001|256001|256001,HostService|HostService|HostService,2|2|2,True,True,HostService,-0.002177959664118585,3.9978220403358815,True,
D:\code\putest\PU-dataset-main\KA15\KA15\N09_M07_F10_KA15_6.mat,KA15,1,N09,07,10,6,vibration_1|phase_current_1|phase_current_2,256001|256001|256001,HostService|HostService|HostService,2|2|2,True,True,HostService,-0.0021959239818509064,3.997804076018149,True,
D:\code\putest\PU-dataset-main\KA15\KA15\N09_M07_F10_KA15_7.mat,KA15,1,N09,07,10,7,vibration_1|phase_current_1|phase_current_2,256000|256000|256000,HostService|HostService|HostService,2|2|2,True,True,HostService,-0.002157856737132416,3.9978421432628677,True,
D:\code\putest\PU-dataset-main\KA15\KA15\N09_M07_F10_KA15_8.mat,KA15,1,N09,07,10,8,vibration_1|phase_current_1|phase_current_2,255999|255999|255999,HostService|HostService|HostService,2|2|2,True,True,HostService,-0.002376850324726429,3.9976231496752734,True,
D:\code\putest\PU-dataset-main\KA15\KA15\N09_M07_F10_KA15_9.mat,KA15,1,N09,07,10,9,vibration_1|phase_current_1|phase_current_2,256000|256000|256000,HostService|HostService|HostService,2|2|2,True,True,HostService,-0.002017563970080001,3.99798243602992,True,
D:\code\putest\PU-dataset-main\KA15\KA15\N15_M01_F10_KA15_1.mat,KA15,1,N15,01,10,1,vibration_1|phase_current_1|phase_current_2,256000|256000|256000,HostService|HostService|HostService,2|2|2,True,True,HostService,-0.0022468228820924836,3.9977531771179073,True,
D:\code\putest\PU-dataset-main\KA15\KA15\N15_M01_F10_KA15_10.mat,KA15,1,N15,01,10,10,vibration_1|phase_current_1|phase_current_2,256000|256000|256000,HostService|HostService|HostService,2|2|2,True,True,HostService,-0.0021659834522970373,3.997834016547703,True,
D:\code\putest\PU-dataset-main\KA15\KA15\N15_M01_F10_KA15_11.mat,KA15,1,N15,01,10,11,vibration_1|phase_current_1|phase_current_2,256438|256438|256438,HostService|HostService|HostService,2|2|2,True,True,HostService,-0.0020402332281707876,3.9979597667718294,True,
D:\code\putest\PU-dataset-main\KA15\KA15\N15_M01_F10_KA15_12.mat,KA15,1,N15,01,10,12,vibration_1|phase_current_1|phase_current_2,256000|256000|256000,HostService|HostService|HostService,2|2|2,True,True,HostService,-0.0021475914127139463,3.997852408587286,True,
D:\code\putest\PU-dataset-main\KA15\KA15\N15_M01_F10_KA15_13.mat,KA15,1,N15,01,10,13,vibration_1|phase_current_1|phase_current_2,255997|255997|255997,HostService|HostService|HostService,2|2|2,True,True,HostService,-0.0021458805253108683,3.997854119474689,True,
D:\code\putest\PU-dataset-main\KA15\KA15\N15_M01_F10_KA15_14.mat,KA15,1,N15,01,10,14,vibration_1|phase_current_1|phase_current_2,256002|256002|256002,HostService|HostService|HostService,2|2|2,True,True,HostService,-0.002391392867652594,3.9976086071323476,True,
D:\code\putest\PU-dataset-main\KA15\KA15\N15_M01_F10_KA15_15.mat,KA15,1,N15,01,10,15,vibration_1|phase_current_1|phase_current_2,256004|256004|256004,HostService|HostService|HostService,2|2|2,True,True,HostService,-0.002001310539750758,3.9979986894602493,True,
D:\code\putest\PU-dataset-main\KA15\KA15\N15_M01_F10_KA15_16.mat,KA15,1,N15,01,10,16,vibration_1|phase_current_1|phase_current_2,256004|256004|256004,HostService|HostService|HostService,2|2|2,True,True,HostService,-0.0021830923263278196,3.997816907673672,True,
D:\code\putest\PU-dataset-main\KA15\KA15\N15_M01_F10_KA15_17.mat,KA15,1,N15,01,10,17,vibration_1|phase_current_1|phase_current_2,256001|256001|256001,HostService|HostService|HostService,2|2|2,True,True,HostService,-0.00212449443277239,3.9978755055672277,True,
D:\code\putest\PU-dataset-main\KA15\KA15\N15_M01_F10_KA15_18.mat,KA15,1,N15,01,10,18,vibration_1|phase_current_1|phase_current_2,256000|256000|256000,HostService|HostService|HostService,2|2|2,True,True,HostService,-0.002191646763343211,3.997808353236657,True,
D:\code\putest\PU-dataset-main\KA15\KA15\N15_M01_F10_KA15_19.mat,KA15,1,N15,01,10,19,vibration_1|phase_current_1|phase_current_2,256000|256000|256000,HostService|HostService|HostService,2|2|2,True,True,HostService,-0.002220304127344771,3.997779695872655,True,
D:\code\putest\PU-dataset-main\KA15\KA15\N15_M01_F10_KA15_2.mat,KA15,1,N15,01,10,2,vibration_1|phase_current_1|phase_current_2,256003|256003|256003,HostService|HostService|HostService,2|2|2,True,True,HostService,-0.0024662441915372668,3.9975337558084627,True,
D:\code\putest\PU-dataset-main\KA15\KA15\N15_M01_F10_KA15_20.mat,KA15,1,N15,01,10,20,vibration_1|phase_current_1|phase_current_2,257317|257317|257317,HostService|HostService|HostService,2|2|2,True,True,HostService,-0.0020945539032185215,3.9979054460967816,True,
D:\code\putest\PU-dataset-main\KA15\KA15\N15_M01_F10_KA15_3.mat,KA15,1,N15,01,10,3,vibration_1|phase_current_1|phase_current_2,256005|256005|256005,HostService|HostService|HostService,2|2|2,True,True,HostService,-0.0024264660594156976,3.9975735339405842,True,
D:\code\putest\PU-dataset-main\KA15\KA15\N15_M01_F10_KA15_4.mat,KA15,1,N15,01,10,4,vibration_1|phase_current_1|phase_current_2,256080|256080|256080,HostService|HostService|HostService,2|2|2,True,True,HostService,-0.0023088425504540697,3.997691157449546,True,
D:\code\putest\PU-dataset-main\KA15\KA15\N15_M01_F10_KA15_5.mat,KA15,1,N15,01,10,5,vibration_1|phase_current_1|phase_current_2,256001|256001|256001,HostService|HostService|HostService,2|2|2,True,True,HostService,-0.002997902452043826,3.997002097547956,True,
D:\code\putest\PU-dataset-main\KA15\KA15\N15_M01_F10_KA15_6.mat,KA15,1,N15,01,10,6,vibration_1|phase_current_1|phase_current_2,256001|256001|256001,HostService|HostService|HostService,2|2|2,True,True,HostService,-0.002171116114506272,3.997828883885494,True,
D:\code\putest\PU-dataset-main\KA15\KA15\N15_M01_F10_KA15_7.mat,KA15,1,N15,01,10,7,vibration_1|phase_current_1|phase_current_2,256001|256001|256001,HostService|HostService|HostService,2|2|2,True,True,HostService,-0.002197207147403215,3.997802792852597,True,
D:\code\putest\PU-dataset-main\KA15\KA15\N15_M01_F10_KA15_8.mat,KA15,1,N15,01,10,8,vibration_1|phase_current_1|phase_current_2,256001|256001|256001,HostService|HostService|HostService,2|2|2,True,True,HostService,-0.002065041095515422,3.9979349589044846,True,
D:\code\putest\PU-dataset-main\KA15\KA15\N15_M01_F10_KA15_9.mat,KA15,1,N15,01,10,9,vibration_1|phase_current_1|phase_current_2,256086|256086|256086,HostService|HostService|HostService,2|2|2,True,True,HostService,-0.0021274884857277773,3.9978725115142724,True,
D:\code\putest\PU-dataset-main\KA15\KA15\N15_M07_F04_KA15_1.mat,KA15,1,N15,07,04,1,vibration_1|phase_current_1|phase_current_2,256005|256005|256005,HostService|HostService|HostService,2|2|2,True,True,HostService,-0.002118934048712386,3.9978810659512876,True,
D:\code\putest\PU-dataset-main\KA15\KA15\N15_M07_F04_KA15_10.mat,KA15,1,N15,07,04,10,vibration_1|phase_current_1|phase_current_2,256000|256000|256000,HostService|HostService|HostService,2|2|2,True,True,HostService,-0.0020162808045276924,3.997983719195472,True,
D:\code\putest\PU-dataset-main\KA15\KA15\N15_M07_F04_KA15_11.mat,KA15,1,N15,07,04,11,vibration_1|phase_current_1|phase_current_2,256001|256001|256001,HostService|HostService|HostService,2|2|2,True,True,HostService,-0.0020000273741984493,3.9979999726258018,True,
D:\code\putest\PU-dataset-main\KA15\KA15\N15_M07_F04_KA15_12.mat,KA15,1,N15,07,04,12,vibration_1|phase_current_1|phase_current_2,256001|256001|256001,HostService|HostService|HostService,2|2|2,True,True,HostService,-0.00242432745016185,3.9975756725498384,True,
D:\code\putest\PU-dataset-main\KA15\KA15\N15_M07_F04_KA15_13.mat,KA15,1,N15,07,04,13,vibration_1|phase_current_1|phase_current_2,256001|256001|256001,HostService|HostService|HostService,2|2|2,True,True,HostService,-0.002032961956707705,3.997967038043292,True,
D:\code\putest\PU-dataset-main\KA15\KA15\N15_M07_F04_KA15_14.mat,KA15,1,N15,07,04,14,vibration_1|phase_current_1|phase_current_2,256002|256002|256002,HostService|HostService|HostService,2|2|2,True,True,HostService,-0.002205761584418606,3.9977942384155813,True,
D:\code\putest\PU-dataset-main\KA15\KA15\N15_M07_F04_KA15_15.mat,KA15,1,N15,07,04,15,vibration_1|phase_current_1|phase_current_2,256000|256000|256000,HostService|HostService|HostService,2|2|2,True,True,HostService,-0.002149730021967794,3.997850269978032,True,
D:\code\putest\PU-dataset-main\KA15\KA15\N15_M07_F04_KA15_16.mat,KA15,1,N15,07,04,16,vibration_1|phase_current_1|phase_current_2,256000|256000|256000,HostService|HostService|HostService,2|2|2,True,True,HostService,-0.0021582844589831856,3.997841715541017,True,
D:\code\putest\PU-dataset-main\KA15\KA15\N15_M07_F04_KA15_17.mat,KA15,1,N15,07,04,17,vibration_1|phase_current_1|phase_current_2,256001|256001|256001,HostService|HostService|HostService,2|2|2,True,True,HostService,-0.0022044784188662977,3.997795521581134,True,
D:\code\putest\PU-dataset-main\KA15\KA15\N15_M07_F04_KA15_18.mat,KA15,1,N15,07,04,18,vibration_1|phase_current_1|phase_current_2,256001|256001|256001,HostService|HostService|HostService,2|2|2,True,True,HostService,-0.0023302286429925474,3.9976697713570073,True,
D:\code\putest\PU-dataset-main\KA15\KA15\N15_M07_F04_KA15_19.mat,KA15,1,N15,07,04,19,vibration_1|phase_current_1|phase_current_2,256000|256000|256000,HostService|HostService|HostService,2|2|2,True,True,HostService,-0.0021368983664447074,3.997863101633555,True,
D:\code\putest\PU-dataset-main\KA15\KA15\N15_M07_F04_KA15_2.mat,KA15,1,N15,07,04,2,vibration_1|phase_current_1|phase_current_2,256002|256002|256002,HostService|HostService|HostService,2|2|2,True,True,HostService,-0.0022027675314632194,3.9977972324685367,True,
D:\code\putest\PU-dataset-main\KA15\KA15\N15_M07_F04_KA15_20.mat,KA15,1,N15,07,04,20,vibration_1|phase_current_1|phase_current_2,256001|256001|256001,HostService|HostService|HostService,2|2|2,True,True,HostService,-0.0020975479561739082,3.997902452043826,True,
D:\code\putest\PU-dataset-main\KA15\KA15\N15_M07_F04_KA15_3.mat,KA15,1,N15,07,04,3,vibration_1|phase_current_1|phase_current_2,256000|256000|256000,HostService|HostService|HostService,2|2|2,True,True,HostService,-0.002035956009663092,3.997964043990337,True,
D:\code\putest\PU-dataset-main\KA15\KA15\N15_M07_F04_KA15_4.mat,KA15,1,N15,07,04,4,vibration_1|phase_current_1|phase_current_2,256001|256001|256001,HostService|HostService|HostService,2|2|2,True,True,HostService,-0.00213475975719086,3.997865240242809,True,
D:\code\putest\PU-dataset-main\KA15\KA15\N15_M07_F04_KA15_5.mat,KA15,1,N15,07,04,5,vibration_1|phase_current_1|phase_current_2,256002|256002|256002,HostService|HostService|HostService,2|2|2,True,True,HostService,-0.0020740232543815826,3.9979259767456186,True,
D:\code\putest\PU-dataset-main\KA15\KA15\N15_M07_F04_KA15_6.mat,KA15,1,N15,07,04,6,vibration_1|phase_current_1|phase_current_2,278139|278139|278139,HostService|HostService|HostService,2|2|2,True,True,HostService,-0.002139464697549325,3.9978605353024506,True,
D:\code\putest\PU-dataset-main\KA15\KA15\N15_M07_F04_KA15_7.mat,KA15,1,N15,07,04,7,vibration_1|phase_current_1|phase_current_2,256001|256001|256001,HostService|HostService|HostService,2|2|2,True,True,HostService,-0.0021715438363570415,3.997828456163643,True,
D:\code\putest\PU-dataset-main\KA15\KA15\N15_M07_F04_KA15_8.mat,KA15,1,N15,07,04,8,vibration_1|phase_current_1|phase_current_2,256001|256001|256001,HostService|HostService|HostService,2|2|2,True,True,HostService,-0.0022160269088370758,3.997783973091163,True,
D:\code\putest\PU-dataset-main\KA15\KA15\N15_M07_F04_KA15_9.mat,KA15,1,N15,07,04,9,vibration_1|phase_current_1|phase_current_2,256000|256000|256000,HostService|HostService|HostService,2|2|2,True,True,HostService,-0.002130054816832395,3.9978699451831674,True,
D:\code\putest\PU-dataset-main\KA15\KA15\N15_M07_F10_KA15_1.mat,KA15,1,N15,07,10,1,vibration_1|phase_current_1|phase_current_2,256000|256000|256000,HostService|HostService|HostService,2|2|2,True,True,HostService,-0.0021159399957569993,3.997884060004243,True,
D:\code\putest\PU-dataset-main\KA15\KA15\N15_M07_F10_KA15_10.mat,KA15,1,N15,07,10,10,vibration_1|phase_current_1|phase_current_2,256000|256000|256000,HostService|HostService|HostService,2|2|2,True,True,HostService,-0.002014569917124614,3.9979854300828754,True,
D:\code\putest\PU-dataset-main\KA15\KA15\N15_M07_F10_KA15_11.mat,KA15,1,N15,07,10,11,vibration_1|phase_current_1|phase_current_2,256000|256000|256000,HostService|HostService|HostService,2|2|2,True,True,HostService,-0.002049215387036948,3.997950784612963,True,
D:\code\putest\PU-dataset-main\KA15\KA15\N15_M07_F10_KA15_12.mat,KA15,1,N15,07,10,12,vibration_1|phase_current_1|phase_current_2,256002|256002|256002,HostService|HostService|HostService,2|2|2,True,True,HostService,-0.0021860863792832067,3.9978139136207167,True,
D:\code\putest\PU-dataset-main\KA15\KA15\N15_M07_F10_KA15_13.mat,KA15,1,N15,07,10,13,vibration_1|phase_current_1|phase_current_2,256000|256000|256000,HostService|HostService|HostService,2|2|2,True,True,HostService,-0.002117223161309308,3.997882776838691,True,
D:\code\putest\PU-dataset-main\KA15\KA15\N15_M07_F10_KA15_14.mat,KA15,1,N15,07,10,14,vibration_1|phase_current_1|phase_current_2,256001|256001|256001,HostService|HostService|HostService,2|2|2,True,True,HostService,-0.002041088671872327,3.9979589113281278,True,
D:\code\putest\PU-dataset-main\KA15\KA15\N15_M07_F10_KA15_15.mat,KA15,1,N15,07,10,15,vibration_1|phase_current_1|phase_current_2,256001|256001|256001,HostService|HostService|HostService,2|2|2,True,True,HostService,-0.0021745378893124286,3.9978254621106877,True,
D:\code\putest\PU-dataset-main\KA15\KA15\N15_M07_F10_KA15_16.mat,KA15,1,N15,07,10,16,vibration_1|phase_current_1|phase_current_2,255996|255996|255996,HostService|HostService|HostService,2|2|2,True,True,HostService,-0.002098831121726217,3.9979011688782737,True,
D:\code\putest\PU-dataset-main\KA15\KA15\N15_M07_F10_KA15_17.mat,KA15,1,N15,07,10,17,vibration_1|phase_current_1|phase_current_2,256001|256001|256001,HostService|HostService|HostService,2|2|2,True,True,HostService,-0.002064185651813883,3.9979358143481862,True,
D:\code\putest\PU-dataset-main\KA15\KA15\N15_M07_F10_KA15_18.mat,KA15,1,N15,07,10,18,vibration_1|phase_current_1|phase_current_2,256001|256001|256001,HostService|HostService|HostService,2|2|2,True,True,HostService,-0.002400375026518755,3.997599624973481,True,
D:\code\putest\PU-dataset-main\KA15\KA15\N15_M07_F10_KA15_19.mat,KA15,1,N15,07,10,19,vibration_1|phase_current_1|phase_current_2,256002|256002|256002,HostService|HostService|HostService,2|2|2,True,True,HostService,-0.00214416963790779,3.9978558303620924,True,
D:\code\putest\PU-dataset-main\KA15\KA15\N15_M07_F10_KA15_2.mat,KA15,1,N15,07,10,2,vibration_1|phase_current_1|phase_current_2,256001|256001|256001,HostService|HostService|HostService,2|2|2,True,True,HostService,-0.002143314194206251,3.9978566858057936,True,
D:\code\putest\PU-dataset-main\KA15\KA15\N15_M07_F10_KA15_20.mat,KA15,1,N15,07,10,20,vibration_1|phase_current_1|phase_current_2,256001|256001|256001,HostService|HostService|HostService,2|2|2,True,True,HostService,-0.002055203492947722,3.9979447965070523,True,
D:\code\putest\PU-dataset-main\KA15\KA15\N15_M07_F10_KA15_3.mat,KA15,1,N15,07,10,3,vibration_1|phase_current_1|phase_current_2,256001|256001|256001,HostService|HostService|HostService,2|2|2,True,True,HostService,-0.002399091860966446,3.9976009081390336,True,
D:\code\putest\PU-dataset-main\KA15\KA15\N15_M07_F10_KA15_4.mat,KA15,1,N15,07,10,4,vibration_1|phase_current_1|phase_current_2,256001|256001|256001,HostService|HostService|HostService,2|2|2,True,True,HostService,-0.002180953717073972,3.997819046282926,True,
D:\code\putest\PU-dataset-main\KA15\KA15\N15_M07_F10_KA15_5.mat,KA15,1,N15,07,10,5,vibration_1|phase_current_1|phase_current_2,256002|256002|256002,HostService|HostService|HostService,2|2|2,True,True,HostService,-0.0021505854656693334,3.997849414534331,True,
D:\code\putest\PU-dataset-main\KA15\KA15\N15_M07_F10_KA15_6.mat,KA15,1,N15,07,10,6,vibration_1|phase_current_1|phase_current_2,256001|256001|256001,HostService|HostService|HostService,2|2|2,True,True,HostService,-0.0020753064199338913,3.997924693580066,True,
D:\code\putest\PU-dataset-main\KA15\KA15\N15_M07_F10_KA15_7.mat,KA15,1,N15,07,10,7,vibration_1|phase_current_1|phase_current_2,256001|256001|256001,HostService|HostService|HostService,2|2|2,True,True,HostService,-0.00204750449963387,3.9979524955003662,True,
D:\code\putest\PU-dataset-main\KA15\KA15\N15_M07_F10_KA15_8.mat,KA15,1,N15,07,10,8,vibration_1|phase_current_1|phase_current_2,256001|256001|256001,HostService|HostService|HostService,2|2|2,True,True,HostService,-0.002175393333013968,3.997824606666986,True,
D:\code\putest\PU-dataset-main\KA15\KA15\N15_M07_F10_KA15_9.mat,KA15,1,N15,07,10,9,vibration_1|phase_current_1|phase_current_2,256002|256002|256002,HostService|HostService|HostService,2|2|2,True,True,HostService,-0.0020633302081123437,3.9979366697918874,True,
D:\code\putest\PU-dataset-main\KA16\KA16\N09_M07_F10_KA16_1.mat,KA16,1,N09,07,10,1,vibration_1|phase_current_1|phase_current_2,256086|256086|256086,HostService|HostService|HostService,2|2|2,True,True,HostService,0.9927308360543688,4.992730836054369,True,
D:\code\putest\PU-dataset-main\KA16\KA16\N09_M07_F10_KA16_10.mat,KA16,1,N09,07,10,10,vibration_1|phase_current_1|phase_current_2,256001|256001|256001,HostService|HostService|HostService,2|2|2,True,True,HostService,-0.0022087650847448926,3.997791234915255,True,
D:\code\putest\PU-dataset-main\KA16\KA16\N09_M07_F10_KA16_11.mat,KA16,1,N09,07,10,11,vibration_1|phase_current_1|phase_current_2,256001|256001|256001,HostService|HostService|HostService,2|2|2,True,True,HostService,-0.00224127208444292,3.997758727915557,True,
D:\code\putest\PU-dataset-main\KA16\KA16\N09_M07_F10_KA16_12.mat,KA16,1,N09,07,10,12,vibration_1|phase_current_1|phase_current_2,256000|256000|256000,HostService|HostService|HostService,2|2|2,True,True,HostService,-0.002050079599376892,3.997949920400623,True,
D:\code\putest\PU-dataset-main\KA16\KA16\N09_M07_F10_KA16_13.mat,KA16,1,N09,07,10,13,vibration_1|phase_current_1|phase_current_2,256001|256001|256001,HostService|HostService|HostService,2|2|2,True,True,HostService,-0.0024662547402476863,3.9975337452597524,True,
D:\code\putest\PU-dataset-main\KA16\KA16\N09_M07_F10_KA16_14.mat,KA16,1,N09,07,10,14,vibration_1|phase_current_1|phase_current_2,256088|256088|256088,HostService|HostService|HostService,2|2|2,True,True,HostService,-0.0022087650847448926,3.997791234915255,True,
D:\code\putest\PU-dataset-main\KA16\KA16\N09_M07_F10_KA16_15.mat,KA16,1,N09,07,10,15,vibration_1|phase_current_1|phase_current_2,256083|256083|256083,HostService|HostService|HostService,2|2|2,True,True,HostService,-0.003722479189104338,3.996277520810896,True,
D:\code\putest\PU-dataset-main\KA16\KA16\N09_M07_F10_KA16_16.mat,KA16,1,N09,07,10,16,vibration_1|phase_current_1|phase_current_2,256095|256095|256095,HostService|HostService|HostService,2|2|2,True,True,HostService,-0.0028738754075137364,3.9971261245924863,True,
D:\code\putest\PU-dataset-main\KA16\KA16\N09_M07_F10_KA16_17.mat,KA16,1,N09,07,10,17,vibration_1|phase_current_1|phase_current_2,256091|256091|256091,HostService|HostService|HostService,2|2|2,True,True,HostService,-0.0026869601592500805,3.99731303984075,True,
D:\code\putest\PU-dataset-main\KA16\KA16\N09_M07_F10_KA16_18.mat,KA16,1,N09,07,10,18,vibration_1|phase_current_1|phase_current_2,256004|256004|256004,HostService|HostService|HostService,2|2|2,True,True,HostService,-0.0020787370859527846,3.9979212629140473,True,
D:\code\putest\PU-dataset-main\KA16\KA16\N09_M07_F10_KA16_19.mat,KA16,1,N09,07,10,19,vibration_1|phase_current_1|phase_current_2,256000|256000|256000,HostService|HostService|HostService,2|2|2,True,True,HostService,-0.002138190677505755,3.9978618093224942,True,
D:\code\putest\PU-dataset-main\KA16\KA16\N09_M07_F10_KA16_2.mat,KA16,1,N09,07,10,2,vibration_1|phase_current_1|phase_current_2,256087|256087|256087,HostService|HostService|HostService,2|2|2,True,True,HostService,0.9941885183566171,4.9941885183566175,True,
D:\code\putest\PU-dataset-main\KA16\KA16\N09_M07_F10_KA16_20.mat,KA16,1,N09,07,10,20,vibration_1|phase_current_1|phase_current_2,256008|256008|256008,HostService|HostService|HostService,2|2|2,True,True,HostService,-0.0021518778352733452,3.9978481221647266,True,
D:\code\putest\PU-dataset-main\KA16\KA16\N09_M07_F10_KA16_3.mat,KA16,1,N09,07,10,3,vibration_1|phase_current_1|phase_current_2,256000|256000|256000,HostService|HostService|HostService,2|2|2,True,True,HostService,-0.002233145334518413,3.9977668546654814,True,
D:\code\putest\PU-dataset-main\KA16\KA16\N09_M07_F10_KA16_4.mat,KA16,1,N09,07,10,4,vibration_1|phase_current_1|phase_current_2,256004|256004|256004,HostService|HostService|HostService,2|2|2,True,True,HostService,-0.0021912284138551675,3.997808771586145,True,
D:\code\putest\PU-dataset-main\KA16\KA16\N09_M07_F10_KA16_5.mat,KA16,1,N09,07,10,5,vibration_1|phase_current_1|phase_current_2,256085|256085|256085,HostService|HostService|HostService,2|2|2,True,True,HostService,0.9945576438926619,4.994557643892662,True,
D:\code\putest\PU-dataset-main\KA16\KA16\N09_M07_F10_KA16_6.mat,KA16,1,N09,07,10,6,vibration_1|phase_current_1|phase_current_2,256003|256003|256003,HostService|HostService|HostService,2|2|2,True,True,HostService,-0.0022258740319543806,3.9977741259680455,True,
D:\code\putest\PU-dataset-main\KA16\KA16\N09_M07_F10_KA16_7.mat,KA16,1,N09,07,10,7,vibration_1|phase_current_1|phase_current_2,256087|256087|256087,HostService|HostService|HostService,2|2|2,True,True,HostService,-0.0022083373610646555,3.997791662638935,True,
D:\code\putest\PU-dataset-main\KA16\KA16\N09_M07_F10_KA16_8.mat,KA16,1,N09,07,10,8,vibration_1|phase_current_1|phase_current_2,256002|256002|256002,HostService|HostService|HostService,2|2|2,True,True,HostService,-0.0021822462165701864,3.99781775378343,True,
D:\code\putest\PU-dataset-main\KA16\KA16\N09_M07_F10_KA16_9.mat,KA16,1,N09,07,10,9,vibration_1|phase_current_1|phase_current_2,261421|261421|261421,HostService|HostService|HostService,2|2|2,True,True,HostService,-0.002219458176750823,3.997780541823249,True,
D:\code\putest\PU-dataset-main\KA16\KA16\N15_M01_F10_KA16_1.mat,KA16,1,N15,01,10,1,vibration_1|phase_current_1|phase_current_2,256087|256087|256087,HostService|HostService|HostService,2|2|2,True,True,HostService,-0.0021826739402504235,3.9978173260597494,True,
D:\code\putest\PU-dataset-main\KA16\KA16\N15_M01_F10_KA16_10.mat,KA16,1,N15,01,10,10,vibration_1|phase_current_1|phase_current_2,257267|257267|257267,HostService|HostService|HostService,2|2|2,True,True,HostService,-0.0020872915595575286,3.9979127084404427,True,
D:\code\putest\PU-dataset-main\KA16\KA16\N15_M01_F10_KA16_11.mat,KA16,1,N15,01,10,11,vibration_1|phase_current_1|phase_current_2,256001|256001|256001,HostService|HostService|HostService,2|2|2,True,True,HostService,-0.002144178809029076,3.9978558211909707,True,
D:\code\putest\PU-dataset-main\KA16\KA16\N15_M01_F10_KA16_12.mat,KA16,1,N15,01,10,12,vibration_1|phase_current_1|phase_current_2,256001|256001|256001,HostService|HostService|HostService,2|2|2,True,True,HostService,-0.0021788244271282887,3.997821175572872,True,
D:\code\putest\PU-dataset-main\KA16\KA16\N15_M01_F10_KA16_13.mat,KA16,1,N15,01,10,13,vibration_1|phase_current_1|phase_current_2,256003|256003|256003,HostService|HostService|HostService,2|2|2,True,True,HostService,-0.003468411323043442,3.9965315886769566,True,
D:\code\putest\PU-dataset-main\KA16\KA16\N15_M01_F10_KA16_14.mat,KA16,1,N15,01,10,14,vibration_1|phase_current_1|phase_current_2,256001|256001|256001,HostService|HostService|HostService,2|2|2,True,True,HostService,-0.0021065391251682023,3.997893460874832,True,
D:\code\putest\PU-dataset-main\KA16\KA16\N15_M01_F10_KA16_15.mat,KA16,1,N15,01,10,15,vibration_1|phase_current_1|phase_current_2,257573|257573|257573,HostService|HostService|HostService,2|2|2,True,True,HostService,-0.0021873789007330327,3.997812621099267,True,
D:\code\putest\PU-dataset-main\KA16\KA16\N15_M01_F10_KA16_16.mat,KA16,1,N15,01,10,16,vibration_1|phase_current_1|phase_current_2,256000|256000|256000,HostService|HostService|HostService,2|2|2,True,True,HostService,-0.0021150935987729463,3.997884906401227,True,
D:\code\putest\PU-dataset-main\KA16\KA16\N15_M01_F10_KA16_17.mat,KA16,1,N15,01,10,17,vibration_1|phase_current_1|phase_current_2,256001|256001|256001,HostService|HostService|HostService,2|2|2,True,True,HostService,-0.0021262144144591133,3.997873785585541,True,
D:\code\putest\PU-dataset-main\KA16\KA16\N15_M01_F10_KA16_18.mat,KA16,1,N15,01,10,18,vibration_1|phase_current_1|phase_current_2,256000|256000|256000,HostService|HostService|HostService,2|2|2,True,True,HostService,-0.002148883769511685,3.997851116230488,True,
D:\code\putest\PU-dataset-main\KA16\KA16\N15_M01_F10_KA16_19.mat,KA16,1,N15,01,10,19,vibration_1|phase_current_1|phase_current_2,256001|256001|256001,HostService|HostService|HostService,2|2|2,True,True,HostService,-0.0044667183927170635,3.995533281607283,True,
D:\code\putest\PU-dataset-main\KA16\KA16\N15_M01_F10_KA16_2.mat,KA16,1,N15,01,10,2,vibration_1|phase_current_1|phase_current_2,256088|256088|256088,HostService|HostService|HostService,2|2|2,True,True,HostService,0.9934601049291732,4.993460104929174,True,
D:\code\putest\PU-dataset-main\KA16\KA16\N15_M01_F10_KA16_20.mat,KA16,1,N15,01,10,20,vibration_1|phase_current_1|phase_current_2,256088|256088|256088,HostService|HostService|HostService,2|2|2,True,True,HostService,-0.002093279691080849,3.997906720308919,True,
D:\code\putest\PU-dataset-main\KA16\KA16\N15_M01_F10_KA16_3.mat,KA16,1,N15,01,10,3,vibration_1|phase_current_1|phase_current_2,256095|256095|256095,HostService|HostService|HostService,2|2|2,True,True,HostService,-0.0021839571112911354,3.997816042888709,True,
D:\code\putest\PU-dataset-main\KA16\KA16\N15_M01_F10_KA16_4.mat,KA16,1,N15,01,10,4,vibration_1|phase_current_1|phase_current_2,256087|256087|256087,HostService|HostService|HostService,2|2|2,True,True,HostService,-0.0021005509936448817,3.997899449006355,True,
D:\code\putest\PU-dataset-main\KA16\KA16\N15_M01_F10_KA16_5.mat,KA16,1,N15,01,10,5,vibration_1|phase_current_1|phase_current_2,267664|267664|267664,HostService|HostService|HostService,2|2|2,True,True,HostService,-0.002161715479918801,3.997838284520081,True,
D:\code\putest\PU-dataset-main\KA16\KA16\N15_M01_F10_KA16_6.mat,KA16,1,N15,01,10,6,vibration_1|phase_current_1|phase_current_2,256084|256084|256084,HostService|HostService|HostService,2|2|2,True,True,HostService,-0.0021578659667966663,3.9978421340332035,True,
D:\code\putest\PU-dataset-main\KA16\KA16\N15_M01_F10_KA16_7.mat,KA16,1,N15,01,10,7,vibration_1|phase_current_1|phase_current_2,256001|256001|256001,HostService|HostService|HostService,2|2|2,True,True,HostService,-0.002131774822302197,3.997868225177698,True,
D:\code\putest\PU-dataset-main\KA16\KA16\N15_M01_F10_KA16_8.mat,KA16,1,N15,01,10,8,vibration_1|phase_current_1|phase_current_2,256085|256085|256085,HostService|HostService|HostService,2|2|2,True,True,HostService,-0.00226265826845478,3.997737341731545,True,
D:\code\putest\PU-dataset-main\KA16\KA16\N15_M01_F10_KA16_9.mat,KA16,1,N15,01,10,9,vibration_1|phase_current_1|phase_current_2,256000|256000|256000,HostService|HostService|HostService,2|2|2,True,True,HostService,-0.0021073945725286767,3.9978926054274715,True,
D:\code\putest\PU-dataset-main\KA16\KA16\N15_M07_F04_KA16_1.mat,KA16,1,N15,07,04,1,vibration_1|phase_current_1|phase_current_2,256000|256000|256000,HostService|HostService|HostService,2|2|2,True,True,HostService,-0.002092851967400612,3.997907148032599,True,
D:\code\putest\PU-dataset-main\KA16\KA16\N15_M07_F04_KA16_10.mat,KA16,1,N15,07,04,10,vibration_1|phase_current_1|phase_current_2,256000|256000|256000,HostService|HostService|HostService,2|2|2,True,True,HostService,-0.002142467914308127,3.9978575320856917,True,
D:\code\putest\PU-dataset-main\KA16\KA16\N15_M07_F04_KA16_11.mat,KA16,1,N15,07,04,11,vibration_1|phase_current_1|phase_current_2,256002|256002|256002,HostService|HostService|HostService,2|2|2,True,True,HostService,-0.0021929393085761166,3.9978070606914238,True,
D:\code\putest\PU-dataset-main\KA16\KA16\N15_M07_F04_KA16_12.mat,KA16,1,N15,07,04,12,vibration_1|phase_current_1|phase_current_2,256002|256002|256002,HostService|HostService|HostService,2|2|2,True,True,HostService,-0.002185668006012084,3.997814331993988,True,
D:\code\putest\PU-dataset-main\KA16\KA16\N15_M07_F04_KA16_13.mat,KA16,1,N15,07,04,13,vibration_1|phase_current_1|phase_current_2,256001|256001|256001,HostService|HostService|HostService,2|2|2,True,True,HostService,-0.002090713348999426,3.9979092866510006,True,
D:\code\putest\PU-dataset-main\KA16\KA16\N15_M07_F04_KA16_14.mat,KA16,1,N15,07,04,14,vibration_1|phase_current_1|phase_current_2,256001|256001|256001,HostService|HostService|HostService,2|2|2,True,True,HostService,-0.002135624335424332,3.9978643756645758,True,
D:\code\putest\PU-dataset-main\KA16\KA16\N15_M07_F04_KA16_15.mat,KA16,1,N15,07,04,15,vibration_1|phase_current_1|phase_current_2,256000|256000|256000,HostService|HostService|HostService,2|2|2,True,True,HostService,-0.0020898579016389515,3.997910142098361,True,
D:\code\putest\PU-dataset-main\KA16\KA16\N15_M07_F04_KA16_16.mat,KA16,1,N15,07,04,16,vibration_1|phase_current_1|phase_current_2,256001|256001|256001,HostService|HostService|HostService,2|2|2,True,True,HostService,-0.0020684717176270915,3.997931528282373,True,
D:\code\putest\PU-dataset-main\KA16\KA16\N15_M07_F04_KA16_17.mat,KA16,1,N15,07,04,17,vibration_1|phase_current_1|phase_current_2,256001|256001|256001,HostService|HostService|HostService,2|2|2,True,True,HostService,-0.002170269953523545,3.9978297300464765,True,
D:\code\putest\PU-dataset-main\KA16\KA16\N15_M07_F04_KA16_18.mat,KA16,1,N15,07,04,18,vibration_1|phase_current_1|phase_current_2,256001|256001|256001,HostService|HostService|HostService,2|2|2,True,True,HostService,-0.0021373352301452806,3.9978626647698547,True,
D:\code\putest\PU-dataset-main\KA16\KA16\N15_M07_F04_KA16_19.mat,KA16,1,N15,07,04,19,vibration_1|phase_current_1|phase_current_2,256006|256006|256006,HostService|HostService|HostService,2|2|2,True,True,HostService,-0.002129208480220774,3.9978707915197793,True,
D:\code\putest\PU-dataset-main\KA16\KA16\N15_M07_F04_KA16_2.mat,KA16,1,N15,07,04,2,vibration_1|phase_current_1|phase_current_2,256000|256000|256000,HostService|HostService|HostService,2|2|2,True,True,HostService,-0.0021069668488484395,3.9978930331511515,True,
D:\code\putest\PU-dataset-main\KA16\KA16\N15_M07_F04_KA16_20.mat,KA16,1,N15,07,04,20,vibration_1|phase_current_1|phase_current_2,256001|256001|256001,HostService|HostService|HostService,2|2|2,True,True,HostService,-0.0022002106111401487,3.9977997893888597,True,
D:\code\putest\PU-dataset-main\KA16\KA16\N15_M07_F04_KA16_3.mat,KA16,1,N15,07,04,3,vibration_1|phase_current_1|phase_current_2,256001|256001|256001,HostService|HostService|HostService,2|2|2,True,True,HostService,-0.002075315296510887,3.9979246847034893,True,
D:\code\putest\PU-dataset-main\KA16\KA16\N15_M07_F04_KA16_4.mat,KA16,1,N15,07,04,4,vibration_1|phase_current_1|phase_current_2,256469|256469|256469,HostService|HostService|HostService,2|2|2,True,True,HostService,-0.002394397161967837,3.997605602838032,True,
D:\code\putest\PU-dataset-main\KA16\KA16\N15_M07_F04_KA16_5.mat,KA16,1,N15,07,04,5,vibration_1|phase_current_1|phase_current_2,256003|256003|256003,HostService|HostService|HostService,2|2|2,True,True,HostService,-0.0023285277152113085,3.9976714722847886,True,
D:\code\putest\PU-dataset-main\KA16\KA16\N15_M07_F04_KA16_6.mat,KA16,1,N15,07,04,6,vibration_1|phase_current_1|phase_current_2,256001|256001|256001,HostService|HostService|HostService,2|2|2,True,True,HostService,-0.0023315217809729686,3.997668478219027,True,
D:\code\putest\PU-dataset-main\KA16\KA16\N15_M07_F04_KA16_7.mat,KA16,1,N15,07,04,7,vibration_1|phase_current_1|phase_current_2,256001|256001|256001,HostService|HostService|HostService,2|2|2,True,True,HostService,-0.0023067138075192114,3.9976932861924808,True,
D:\code\putest\PU-dataset-main\KA16\KA16\N15_M07_F04_KA16_8.mat,KA16,1,N15,07,04,8,vibration_1|phase_current_1|phase_current_2,256001|256001|256001,HostService|HostService|HostService,2|2|2,True,True,HostService,-0.002176685808727103,3.997823314191273,True,
D:\code\putest\PU-dataset-main\KA16\KA16\N15_M07_F04_KA16_9.mat,KA16,1,N15,07,04,9,vibration_1|phase_current_1|phase_current_2,256001|256001|256001,HostService|HostService|HostService,2|2|2,True,True,HostService,-0.0020483687046559435,3.997951631295344,True,
D:\code\putest\PU-dataset-main\KA16\KA16\N15_M07_F10_KA16_1.mat,KA16,1,N15,07,10,1,vibration_1|phase_current_1|phase_current_2,256001|256001|256001,HostService|HostService|HostService,2|2|2,True,True,HostService,-0.00445046489286805,3.995549535107132,True,
D:\code\putest\PU-dataset-main\KA16\KA16\N15_M07_F10_KA16_10.mat,KA16,1,N15,07,10,10,vibration_1|phase_current_1|phase_current_2,256003|256003|256003,HostService|HostService|HostService,2|2|2,True,True,HostService,-0.002342642596659136,3.997657357403341,True,
D:\code\putest\PU-dataset-main\KA16\KA16\N15_M07_F10_KA16_11.mat,KA16,1,N15,07,10,11,vibration_1|phase_current_1|phase_current_2,256090|256090|256090,HostService|HostService|HostService,2|2|2,True,True,HostService,0.9945798855240342,4.994579885524034,True,
D:\code\putest\PU-dataset-main\KA16\KA16\N15_M07_F10_KA16_12.mat,KA16,1,N15,07,10,12,vibration_1|phase_current_1|phase_current_2,256001|256001|256001,HostService|HostService|HostService,2|2|2,True,True,HostService,-0.002131774822302197,3.997868225177698,True,
D:\code\putest\PU-dataset-main\KA16\KA16\N15_M07_F10_KA16_13.mat,KA16,1,N15,07,10,13,vibration_1|phase_current_1|phase_current_2,256089|256089|256089,HostService|HostService|HostService,2|2|2,True,True,HostService,-0.0024448685562358263,3.997555131443764,True,
D:\code\putest\PU-dataset-main\KA16\KA16\N15_M07_F10_KA16_14.mat,KA16,1,N15,07,10,14,vibration_1|phase_current_1|phase_current_2,256006|256006|256006,HostService|HostService|HostService,2|2|2,True,True,HostService,-0.002034253823208116,3.9979657461767917,True,
D:\code\putest\PU-dataset-main\KA16\KA16\N15_M07_F10_KA16_15.mat,KA16,1,N15,07,10,15,vibration_1|phase_current_1|phase_current_2,256002|256002|256002,HostService|HostService|HostService,2|2|2,True,True,HostService,-0.002135624335424332,3.9978643756645758,True,
D:\code\putest\PU-dataset-main\KA16\KA16\N15_M07_F10_KA16_16.mat,KA16,1,N15,07,10,16,vibration_1|phase_current_1|phase_current_2,255999|255999|255999,HostService|HostService|HostService,2|2|2,True,True,HostService,-0.00745051878605176,3.992549481213948,True,
D:\code\putest\PU-dataset-main\KA16\KA16\N15_M07_F10_KA16_17.mat,KA16,1,N15,07,10,17,vibration_1|phase_current_1|phase_current_2,256000|256000|256000,HostService|HostService|HostService,2|2|2,True,True,HostService,-0.002218175005710111,3.99778182499429,True,
D:\code\putest\PU-dataset-main\KA16\KA16\N15_M07_F10_KA16_18.mat,KA16,1,N15,07,10,18,vibration_1|phase_current_1|phase_current_2,256084|256084|256084,HostService|HostService|HostService,2|2|2,True,True,HostService,-0.002444440832555589,3.9975555591674445,True,
D:\code\putest\PU-dataset-main\KA16\KA16\N15_M07_F10_KA16_19.mat,KA16,1,N15,07,10,19,vibration_1|phase_current_1|phase_current_2,256001|256001|256001,HostService|HostService|HostService,2|2|2,True,True,HostService,-0.0021476005984709732,3.997852399401529,True,
D:\code\putest\PU-dataset-main\KA16\KA16\N15_M07_F10_KA16_2.mat,KA16,1,N15,07,10,2,vibration_1|phase_current_1|phase_current_2,256091|256091|256091,HostService|HostService|HostService,2|2|2,True,True,HostService,-0.0020915687963599006,3.99790843120364,True,
D:\code\putest\PU-dataset-main\KA16\KA16\N15_M07_F10_KA16_20.mat,KA16,1,N15,07,10,20,vibration_1|phase_current_1|phase_current_2,256802|256802|256802,HostService|HostService|HostService,2|2|2,True,True,HostService,-0.0021792521508085263,3.9978207478491914,True,
D:\code\putest\PU-dataset-main\KA16\KA16\N15_M07_F10_KA16_3.mat,KA16,1,N15,07,10,3,vibration_1|phase_current_1|phase_current_2,256088|256088|256088,HostService|HostService|HostService,2|2|2,True,True,HostService,-0.002177541256087577,3.9978224587439124,True,
D:\code\putest\PU-dataset-main\KA16\KA16\N15_M07_F10_KA16_4.mat,KA16,1,N15,07,10,4,vibration_1|phase_current_1|phase_current_2,256077|256077|256077,HostService|HostService|HostService,2|2|2,True,True,HostService,0.9946701352205642,4.994670135220565,True,
D:\code\putest\PU-dataset-main\KA16\KA16\N15_M07_F10_KA16_5.mat,KA16,1,N15,07,10,5,vibration_1|phase_current_1|phase_current_2,256003|256003|256003,HostService|HostService|HostService,2|2|2,True,True,HostService,-0.0027887583951465337,3.9972112416048535,True,
D:\code\putest\PU-dataset-main\KA16\KA16\N15_M07_F10_KA16_6.mat,KA16,1,N15,07,10,6,vibration_1|phase_current_1|phase_current_2,260051|260051|260051,HostService|HostService|HostService,2|2|2,True,True,HostService,-0.0020787370859527846,3.9979212629140473,True,
D:\code\putest\PU-dataset-main\KA16\KA16\N15_M07_F10_KA16_7.mat,KA16,1,N15,07,10,7,vibration_1|phase_current_1|phase_current_2,256000|256000|256000,HostService|HostService|HostService,2|2|2,True,True,HostService,-0.002135624335424332,3.9978643756645758,True,
D:\code\putest\PU-dataset-main\KA16\KA16\N15_M07_F10_KA16_8.mat,KA16,1,N15,07,10,8,vibration_1|phase_current_1|phase_current_2,256001|256001|256001,HostService|HostService|HostService,2|2|2,True,True,HostService,-0.0021715531245642566,3.997828446875436,True,
D:\code\putest\PU-dataset-main\KA16\KA16\N15_M07_F10_KA16_9.mat,KA16,1,N15,07,10,9,vibration_1|phase_current_1|phase_current_2,256002|256002|256002,HostService|HostService|HostService,2|2|2,True,True,HostService,-0.002131774822302197,3.997868225177698,True,
D:\code\putest\PU-dataset-main\KI04\KI04\N09_M07_F10_KI04_1.mat,KI04,2,N09,07,10,1,vibration_1|phase_current_1|phase_current_2,256087|256087|256087,HostService|HostService|HostService,2|2|2,True,True,HostService,0.9920763883215588,4.992076388321559,True,
D:\code\putest\PU-dataset-main\KI04\KI04\N09_M07_F10_KI04_10.mat,KI04,2,N09,07,10,10,vibration_1|phase_current_1|phase_current_2,260166|260166|260166,HostService|HostService|HostService,2|2|2,True,True,HostService,-0.004591631382891586,3.9954083686171082,True,
D:\code\putest\PU-dataset-main\KI04\KI04\N09_M07_F10_KI04_11.mat,KI04,2,N09,07,10,11,vibration_1|phase_current_1|phase_current_2,260758|260758|260758,HostService|HostService|HostService,2|2|2,True,True,HostService,-0.00279860681306564,3.9972013931869346,True,
D:\code\putest\PU-dataset-main\KI04\KI04\N09_M07_F10_KI04_12.mat,KI04,2,N09,07,10,12,vibration_1|phase_current_1|phase_current_2,256001|256001|256001,HostService|HostService|HostService,2|2|2,True,True,HostService,-0.0026651565111129455,3.997334843488887,True,
D:\code\putest\PU-dataset-main\KI04\KI04\N09_M07_F10_KI04_13.mat,KI04,2,N09,07,10,13,vibration_1|phase_current_1|phase_current_2,256001|256001|256001,HostService|HostService|HostService,2|2|2,True,True,HostService,-0.0027746541947664383,3.9972253458052336,True,
D:\code\putest\PU-dataset-main\KI04\KI04\N09_M07_F10_KI04_14.mat,KI04,2,N09,07,10,14,vibration_1|phase_current_1|phase_current_2,256075|256075|256075,HostService|HostService|HostService,2|2|2,True,True,HostService,0.992289395534291,4.992289395534291,True,
D:\code\putest\PU-dataset-main\KI04\KI04\N09_M07_F10_KI04_15.mat,KI04,2,N09,07,10,15,vibration_1|phase_current_1|phase_current_2,262172|262172|262172,HostService|HostService|HostService,2|2|2,True,True,HostService,-0.00426399378258465,3.9957360062174154,True,
D:\code\putest\PU-dataset-main\KI04\KI04\N09_M07_F10_KI04_16.mat,KI04,2,N09,07,10,16,vibration_1|phase_current_1|phase_current_2,261934|261934|261934,HostService|HostService|HostService,2|2|2,True,True,HostService,-0.0028798746251522166,3.9971201253748476,True,
D:\code\putest\PU-dataset-main\KI04\KI04\N09_M07_F10_KI04_17.mat,KI04,2,N09,07,10,17,vibration_1|phase_current_1|phase_current_2,256001|256001|256001,HostService|HostService|HostService,2|2|2,True,True,HostService,-0.002698519086601119,3.997301480913399,True,
D:\code\putest\PU-dataset-main\KI04\KI04\N09_M07_F10_KI04_18.mat,KI04,2,N09,07,10,18,vibration_1|phase_current_1|phase_current_2,256000|256000|256000,HostService|HostService|HostService,2|2|2,True,True,HostService,-0.0028375298178018424,3.997162470182198,True,
D:\code\putest\PU-dataset-main\KI04\KI04\N09_M07_F10_KI04_19.mat,KI04,2,N09,07,10,19,vibration_1|phase_current_1|phase_current_2,256001|256001|256001,HostService|HostService|HostService,2|2|2,True,True,HostService,-0.002829830761919956,3.99717016923808,True,
D:\code\putest\PU-dataset-main\KI04\KI04\N09_M07_F10_KI04_2.mat,KI04,2,N09,07,10,2,vibration_1|phase_current_1|phase_current_2,256088|256088|256088,HostService|HostService|HostService,2|2|2,True,True,HostService,0.9940332316915382,4.994033231691538,True,
D:\code\putest\PU-dataset-main\KI04\KI04\N09_M07_F10_KI04_20.mat,KI04,2,N09,07,10,20,vibration_1|phase_current_1|phase_current_2,256001|256001|256001,HostService|HostService|HostService,2|2|2,True,True,HostService,-0.0027562620057152657,3.997243737994285,True,
D:\code\putest\PU-dataset-main\KI04\KI04\N09_M07_F10_KI04_3.mat,KI04,2,N09,07,10,3,vibration_1|phase_current_1|phase_current_2,256001|256001|256001,HostService|HostService|HostService,2|2|2,True,True,HostService,-0.002769521490845181,3.997230478509155,True,
D:\code\putest\PU-dataset-main\KI04\KI04\N09_M07_F10_KI04_4.mat,KI04,2,N09,07,10,4,vibration_1|phase_current_1|phase_current_2,256086|256086|256086,HostService|HostService|HostService,2|2|2,True,True,HostService,0.991845844370429,4.991845844370429,True,
D:\code\putest\PU-dataset-main\KI04\KI04\N09_M07_F10_KI04_5.mat,KI04,2,N09,07,10,5,vibration_1|phase_current_1|phase_current_2,256001|256001|256001,HostService|HostService|HostService,2|2|2,True,True,HostService,-0.0026540356526168875,3.997345964347383,True,
D:\code\putest\PU-dataset-main\KI04\KI04\N09_M07_F10_KI04_6.mat,KI04,2,N09,07,10,6,vibration_1|phase_current_1|phase_current_2,256077|256077|256077,HostService|HostService|HostService,2|2|2,True,True,HostService,0.9940165504037941,4.994016550403794,True,
D:\code\putest\PU-dataset-main\KI04\KI04\N09_M07_F10_KI04_7.mat,KI04,2,N09,07,10,7,vibration_1|phase_current_1|phase_current_2,256001|256001|256001,HostService|HostService|HostService,2|2|2,True,True,HostService,-0.002857632908160101,3.99714236709184,True,
D:\code\putest\PU-dataset-main\KI04\KI04\N09_M07_F10_KI04_8.mat,KI04,2,N09,07,10,8,vibration_1|phase_current_1|phase_current_2,256082|256082|256082,HostService|HostService|HostService,2|2|2,True,True,HostService,0.9935105513422234,4.993510551342223,True,
D:\code\putest\PU-dataset-main\KI04\KI04\N09_M07_F10_KI04_9.mat,KI04,2,N09,07,10,9,vibration_1|phase_current_1|phase_current_2,256001|256001|256001,HostService|HostService|HostService,2|2|2,True,True,HostService,-0.002656174279250745,3.9973438257207494,True,
D:\code\putest\PU-dataset-main\KI04\KI04\N15_M01_F10_KI04_1.mat,KI04,2,N15,01,10,1,vibration_1|phase_current_1|phase_current_2,256732|256732|256732,HostService|HostService|HostService,2|2|2,True,True,HostService,0.9208937520932077,4.920893752093208,True,
D:\code\putest\PU-dataset-main\KI04\KI04\N15_M01_F10_KI04_10.mat,KI04,2,N15,01,10,10,vibration_1|phase_current_1|phase_current_2,256001|256001|256001,HostService|HostService|HostService,2|2|2,True,True,HostService,-0.002739615872064002,3.997260384127936,True,
D:\code\putest\PU-dataset-main\KI04\KI04\N15_M01_F10_KI04_11.mat,KI04,2,N15,01,10,11,vibration_1|phase_current_1|phase_current_2,256001|256001|256001,HostService|HostService|HostService,2|2|2,True,True,HostService,-0.0026237008211148463,3.9973762991788853,True,
D:\code\putest\PU-dataset-main\KI04\KI04\N15_M01_F10_KI04_12.mat,KI04,2,N15,01,10,12,vibration_1|phase_current_1|phase_current_2,256001|256001|256001,HostService|HostService|HostService,2|2|2,True,True,HostService,-0.0027366217563568286,3.9972633782436433,True,
D:\code\putest\PU-dataset-main\KI04\KI04\N15_M01_F10_KI04_13.mat,KI04,2,N15,01,10,13,vibration_1|phase_current_1|phase_current_2,256001|256001|256001,HostService|HostService|HostService,2|2|2,True,True,HostService,-0.003940256270640685,3.9960597437293592,True,
D:\code\putest\PU-dataset-main\KI04\KI04\N15_M01_F10_KI04_14.mat,KI04,2,N15,01,10,14,vibration_1|phase_current_1|phase_current_2,256001|256001|256001,HostService|HostService|HostService,2|2|2,True,True,HostService,-0.0029406493552599556,3.99705935064474,True,
D:\code\putest\PU-dataset-main\KI04\KI04\N15_M01_F10_KI04_15.mat,KI04,2,N15,01,10,15,vibration_1|phase_current_1|phase_current_2,256001|256001|256001,HostService|HostService|HostService,2|2|2,True,True,HostService,-0.0031771844961266836,3.996822815503873,True,
D:\code\putest\PU-dataset-main\KI04\KI04\N15_M01_F10_KI04_16.mat,KI04,2,N15,01,10,16,vibration_1|phase_current_1|phase_current_2,256001|256001|256001,HostService|HostService|HostService,2|2|2,True,True,HostService,-0.0036746354343328404,3.996325364565667,True,
D:\code\putest\PU-dataset-main\KI04\KI04\N15_M01_F10_KI04_17.mat,KI04,2,N15,01,10,17,vibration_1|phase_current_1|phase_current_2,256085|256085|256085,HostService|HostService|HostService,2|2|2,True,True,HostService,0.9941127130580657,4.994112713058065,True,
D:\code\putest\PU-dataset-main\KI04\KI04\N15_M01_F10_KI04_18.mat,KI04,2,N15,01,10,18,vibration_1|phase_current_1|phase_current_2,256001|256001|256001,HostService|HostService|HostService,2|2|2,True,True,HostService,-0.00262669493682202,3.997373305063178,True,
D:\code\putest\PU-dataset-main\KI04\KI04\N15_M01_F10_KI04_19.mat,KI04,2,N15,01,10,19,vibration_1|phase_current_1|phase_current_2,256001|256001|256001,HostService|HostService|HostService,2|2|2,True,True,HostService,-0.002817890611265831,3.997182109388734,True,
D:\code\putest\PU-dataset-main\KI04\KI04\N15_M01_F10_KI04_2.mat,KI04,2,N15,01,10,2,vibration_1|phase_current_1|phase_current_2,256001|256001|256001,HostService|HostService|HostService,2|2|2,True,True,HostService,-0.029298277656325988,3.970701722343674,True,
D:\code\putest\PU-dataset-main\KI04\KI04\N15_M01_F10_KI04_20.mat,KI04,2,N15,01,10,20,vibration_1|phase_current_1|phase_current_2,256001|256001|256001,HostService|HostService|HostService,2|2|2,True,True,HostService,-0.003831612643551808,3.996168387356448,True,
D:\code\putest\PU-dataset-main\KI04\KI04\N15_M01_F10_KI04_3.mat,KI04,2,N15,01,10,3,vibration_1|phase_current_1|phase_current_2,256001|256001|256001,HostService|HostService|HostService,2|2|2,True,True,HostService,-0.002632255437421057,3.997367744562579,True,
D:\code\putest\PU-dataset-main\KI04\KI04\N15_M01_F10_KI04_4.mat,KI04,2,N15,01,10,4,vibration_1|phase_current_1|phase_current_2,256001|256001|256001,HostService|HostService|HostService,2|2|2,True,True,HostService,-0.003374368401984842,3.996625631598015,True,
D:\code\putest\PU-dataset-main\KI04\KI04\N15_M01_F10_KI04_5.mat,KI04,2,N15,01,10,5,vibration_1|phase_current_1|phase_current_2,256001|256001|256001,HostService|HostService|HostService,2|2|2,True,True,HostService,-0.0026279781292679514,3.9973720218707323,True,
D:\code\putest\PU-dataset-main\KI04\KI04\N15_M01_F10_KI04_6.mat,KI04,2,N15,01,10,6,vibration_1|phase_current_1|phase_current_2,256001|256001|256001,HostService|HostService|HostService,2|2|2,True,True,HostService,-0.004964243842494115,3.995035756157506,True,
D:\code\putest\PU-dataset-main\KI04\KI04\N15_M01_F10_KI04_7.mat,KI04,2,N15,01,10,7,vibration_1|phase_current_1|phase_current_2,256001|256001|256001,HostService|HostService|HostService,2|2|2,True,True,HostService,-0.00347574060521344,3.9965242593947865,True,
D:\code\putest\PU-dataset-main\KI04\KI04\N15_M01_F10_KI04_8.mat,KI04,2,N15,01,10,8,vibration_1|phase_current_1|phase_current_2,256001|256001|256001,HostService|HostService|HostService,2|2|2,True,True,HostService,-0.0026985537137941907,3.997301446286206,True,
D:\code\putest\PU-dataset-main\KI04\KI04\N15_M01_F10_KI04_9.mat,KI04,2,N15,01,10,9,vibration_1|phase_current_1|phase_current_2,256001|256001|256001,HostService|HostService|HostService,2|2|2,True,True,HostService,-0.0027785393762572615,3.997221460623743,True,
D:\code\putest\PU-dataset-main\KI04\KI04\N15_M07_F04_KI04_1.mat,KI04,2,N15,07,04,1,vibration_1|phase_current_1|phase_current_2,256004|256004|256004,HostService|HostService|HostService,2|2|2,True,True,HostService,-0.0027455688725459794,3.997254431127454,True,
D:\code\putest\PU-dataset-main\KI04\KI04\N15_M07_F04_KI04_10.mat,KI04,2,N15,07,04,10,vibration_1|phase_current_1|phase_current_2,256083|256083|256083,HostService|HostService|HostService,2|2|2,True,True,HostService,0.9926538175127002,4.9926538175127,True,
D:\code\putest\PU-dataset-main\KI04\KI04\N15_M07_F04_KI04_11.mat,KI04,2,N15,07,04,11,vibration_1|phase_current_1|phase_current_2,256092|256092|256092,HostService|HostService|HostService,2|2|2,True,True,HostService,0.9922680092679523,4.992268009267953,True,
D:\code\putest\PU-dataset-main\KI04\KI04\N15_M07_F04_KI04_12.mat,KI04,2,N15,07,04,12,vibration_1|phase_current_1|phase_current_2,256090|256090|256090,HostService|HostService|HostService,2|2|2,True,True,HostService,0.992294955963539,4.992294955963539,True,
D:\code\putest\PU-dataset-main\KI04\KI04\N15_M07_F04_KI04_13.mat,KI04,2,N15,07,04,13,vibration_1|phase_current_1|phase_current_2,256091|256091|256091,HostService|HostService|HostService,2|2|2,True,True,HostService,0.9922166822287398,4.99221668222874,True,
D:\code\putest\PU-dataset-main\KI04\KI04\N15_M07_F04_KI04_14.mat,KI04,2,N15,07,04,14,vibration_1|phase_current_1|phase_current_2,256001|256001|256001,HostService|HostService|HostService,2|2|2,True,True,HostService,-0.002738725267317636,3.9972612747326823,True,
D:\code\putest\PU-dataset-main\KI04\KI04\N15_M07_F04_KI04_15.mat,KI04,2,N15,07,04,15,vibration_1|phase_current_1|phase_current_2,256001|256001|256001,HostService|HostService|HostService,2|2|2,True,True,HostService,-0.002800745439699497,3.9971992545603006,True,
D:\code\putest\PU-dataset-main\KI04\KI04\N15_M07_F04_KI04_16.mat,KI04,2,N15,07,04,16,vibration_1|phase_current_1|phase_current_2,256001|256001|256001,HostService|HostService|HostService,2|2|2,True,True,HostService,-0.002746424323199522,3.9972535756768006,True,
D:\code\putest\PU-dataset-main\KI04\KI04\N15_M07_F04_KI04_17.mat,KI04,2,N15,07,04,17,vibration_1|phase_current_1|phase_current_2,256088|256088|256088,HostService|HostService|HostService,2|2|2,True,True,HostService,0.994392948691353,4.9943929486913525,True,
D:\code\putest\PU-dataset-main\KI04\KI04\N15_M07_F04_KI04_18.mat,KI04,2,N15,07,04,18,vibration_1|phase_current_1|phase_current_2,256002|256002|256002,HostService|HostService|HostService,2|2|2,True,True,HostService,-0.003013324927104911,3.996986675072895,True,
D:\code\putest\PU-dataset-main\KI04\KI04\N15_M07_F04_KI04_19.mat,KI04,2,N15,07,04,19,vibration_1|phase_current_1|phase_current_2,261419|261419|261419,HostService|HostService|HostService,2|2|2,True,True,HostService,-0.00442267987881686,3.9955773201211833,True,
D:\code\putest\PU-dataset-main\KI04\KI04\N15_M07_F04_KI04_2.mat,KI04,2,N15,07,04,2,vibration_1|phase_current_1|phase_current_2,256082|256082|256082,HostService|HostService|HostService,2|2|2,True,True,HostService,0.9939545302314122,4.993954530231412,True,
D:\code\putest\PU-dataset-main\KI04\KI04\N15_M07_F04_KI04_20.mat,KI04,2,N15,07,04,20,vibration_1|phase_current_1|phase_current_2,256092|256092|256092,HostService|HostService|HostService,2|2|2,True,True,HostService,0.9917808301207597,4.99178083012076,True,
D:\code\putest\PU-dataset-main\KI04\KI04\N15_M07_F04_KI04_3.mat,KI04,2,N15,07,04,3,vibration_1|phase_current_1|phase_current_2,256001|256001|256001,HostService|HostService|HostService,2|2|2,True,True,HostService,-0.0026185344504948567,3.997381465549505,True,
D:\code\putest\PU-dataset-main\KI04\KI04\N15_M07_F04_KI04_4.mat,KI04,2,N15,07,04,4,vibration_1|phase_current_1|phase_current_2,256940|256940|256940,HostService|HostService|HostService,2|2|2,True,True,HostService,0.993140996659893,4.993140996659893,True,
D:\code\putest\PU-dataset-main\KI04\KI04\N15_M07_F04_KI04_5.mat,KI04,2,N15,07,04,5,vibration_1|phase_current_1|phase_current_2,256396|256396|256396,HostService|HostService|HostService,2|2|2,True,True,HostService,0.9931392857585858,4.993139285758586,True,
D:\code\putest\PU-dataset-main\KI04\KI04\N15_M07_F04_KI04_6.mat,KI04,2,N15,07,04,6,vibration_1|phase_current_1|phase_current_2,256622|256622|256622,HostService|HostService|HostService,2|2|2,True,True,HostService,0.9934510975218023,4.9934510975218025,True,
D:\code\putest\PU-dataset-main\KI04\KI04\N15_M07_F04_KI04_7.mat,KI04,2,N15,07,04,7,vibration_1|phase_current_1|phase_current_2,256001|256001|256001,HostService|HostService|HostService,2|2|2,True,True,HostService,-0.0028563497321797866,3.9971436502678204,True,
D:\code\putest\PU-dataset-main\KI04\KI04\N15_M07_F04_KI04_8.mat,KI04,2,N15,07,04,8,vibration_1|phase_current_1|phase_current_2,256001|256001|256001,HostService|HostService|HostService,2|2|2,True,True,HostService,-0.002677560545589318,3.9973224394544107,True,
D:\code\putest\PU-dataset-main\KI04\KI04\N15_M07_F04_KI04_9.mat,KI04,2,N15,07,04,9,vibration_1|phase_current_1|phase_current_2,256359|256359|256359,HostService|HostService|HostService,2|2|2,True,True,HostService,0.9937676142636132,4.993767614263613,True,
D:\code\putest\PU-dataset-main\KI04\KI04\N15_M07_F10_KI04_1.mat,KI04,2,N15,07,10,1,vibration_1|phase_current_1|phase_current_2,256001|256001|256001,HostService|HostService|HostService,2|2|2,True,True,HostService,-0.005645546588056455,3.9943544534119435,True,
D:\code\putest\PU-dataset-main\KI04\KI04\N15_M07_F10_KI04_10.mat,KI04,2,N15,07,10,10,vibration_1|phase_current_1|phase_current_2,256001|256001|256001,HostService|HostService|HostService,2|2|2,True,True,HostService,-0.0026493306740224018,3.9973506693259777,True,
D:\code\putest\PU-dataset-main\KI04\KI04\N15_M07_F10_KI04_11.mat,KI04,2,N15,07,10,11,vibration_1|phase_current_1|phase_current_2,256001|256001|256001,HostService|HostService|HostService,2|2|2,True,True,HostService,-0.002755406555061723,3.9972445934449383,True,
D:\code\putest\PU-dataset-main\KI04\KI04\N15_M07_F10_KI04_12.mat,KI04,2,N15,07,10,12,vibration_1|phase_current_1|phase_current_2,256001|256001|256001,HostService|HostService|HostService,2|2|2,True,True,HostService,-0.0028708923932900163,3.99712910760671,True,
D:\code\putest\PU-dataset-main\KI04\KI04\N15_M07_F10_KI04_13.mat,KI04,2,N15,07,10,13,vibration_1|phase_current_1|phase_current_2,256001|256001|256001,HostService|HostService|HostService,2|2|2,True,True,HostService,-0.0025920154802350267,3.9974079845197648,True,
D:\code\putest\PU-dataset-main\KI04\KI04\N15_M07_F10_KI04_14.mat,KI04,2,N15,07,10,14,vibration_1|phase_current_1|phase_current_2,256081|256081|256081,HostService|HostService|HostService,2|2|2,True,True,HostService,0.9940349425928453,4.994034942592846,True,
D:\code\putest\PU-dataset-main\KI04\KI04\N15_M07_F10_KI04_15.mat,KI04,2,N15,07,10,15,vibration_1|phase_current_1|phase_current_2,256083|256083|256083,HostService|HostService|HostService,2|2|2,True,True,HostService,0.9924951314164681,4.992495131416468,True,
D:\code\putest\PU-dataset-main\KI04\KI04\N15_M07_F10_KI04_16.mat,KI04,2,N15,07,10,16,vibration_1|phase_current_1|phase_current_2,256001|256001|256001,HostService|HostService|HostService,2|2|2,True,True,HostService,-0.002643342519447601,3.9973566574805526,True,
D:\code\putest\PU-dataset-main\KI04\KI04\N15_M07_F10_KI04_17.mat,KI04,2,N15,07,10,17,vibration_1|phase_current_1|phase_current_2,257488|257488|257488,HostService|HostService|HostService,2|2|2,True,True,HostService,0.992484010557972,4.9924840105579715,True,
D:\code\putest\PU-dataset-main\KI04\KI04\N15_M07_F10_KI04_18.mat,KI04,2,N15,07,10,18,vibration_1|phase_current_1|phase_current_2,256001|256001|256001,HostService|HostService|HostService,2|2|2,True,True,HostService,-0.002769521490845181,3.997230478509155,True,
D:\code\putest\PU-dataset-main\KI04\KI04\N15_M07_F10_KI04_19.mat,KI04,2,N15,07,10,19,vibration_1|phase_current_1|phase_current_2,256003|256003|256003,HostService|HostService|HostService,2|2|2,True,True,HostService,-0.0028704646679632447,3.9971295353320366,True,
D:\code\putest\PU-dataset-main\KI04\KI04\N15_M07_F10_KI04_2.mat,KI04,2,N15,07,10,2,vibration_1|phase_current_1|phase_current_2,256001|256001|256001,HostService|HostService|HostService,2|2|2,True,True,HostService,-0.0026587406312113737,3.9973412593687887,True,
D:\code\putest\PU-dataset-main\KI04\KI04\N15_M07_F10_KI04_20.mat,KI04,2,N15,07,10,20,vibration_1|phase_current_1|phase_current_2,256135|256135|256135,HostService|HostService|HostService,2|2|2,True,True,HostService,0.9928437275577867,4.992843727557787,True,
D:\code\putest\PU-dataset-main\KI04\KI04\N15_M07_F10_KI04_3.mat,KI04,2,N15,07,10,3,vibration_1|phase_current_1|phase_current_2,256001|256001|256001,HostService|HostService|HostService,2|2|2,True,True,HostService,-0.002706645867809777,3.9972933541321902,True,
D:\code\putest\PU-dataset-main\KI04\KI04\N15_M07_F10_KI04_4.mat,KI04,2,N15,07,10,4,vibration_1|phase_current_1|phase_current_2,256813|256813|256813,HostService|HostService|HostService,2|2|2,True,True,HostService,0.994278746029105,4.994278746029105,True,
D:\code\putest\PU-dataset-main\KI04\KI04\N15_M07_F10_KI04_5.mat,KI04,2,N15,07,10,5,vibration_1|phase_current_1|phase_current_2,256089|256089|256089,HostService|HostService|HostService,2|2|2,True,True,HostService,0.9933424552888023,4.993342455288802,True,
D:\code\putest\PU-dataset-main\KI04\KI04\N15_M07_F10_KI04_6.mat,KI04,2,N15,07,10,6,vibration_1|phase_current_1|phase_current_2,256001|256001|256001,HostService|HostService|HostService,2|2|2,True,True,HostService,-0.002532561659813794,3.9974674383401863,True,
D:\code\putest\PU-dataset-main\KI04\KI04\N15_M07_F10_KI04_7.mat,KI04,2,N15,07,10,7,vibration_1|phase_current_1|phase_current_2,256001|256001|256001,HostService|HostService|HostService,2|2|2,True,True,HostService,-0.002665584236439717,3.9973344157635604,True,
D:\code\putest\PU-dataset-main\KI04\KI04\N15_M07_F10_KI04_8.mat,KI04,2,N15,07,10,8,vibration_1|phase_current_1|phase_current_2,256844|256844|256844,HostService|HostService|HostService,2|2|2,True,True,HostService,0.9940520516059161,4.994052051605916,True,
D:\code\putest\PU-dataset-main\KI04\KI04\N15_M07_F10_KI04_9.mat,KI04,2,N15,07,10,9,vibration_1|phase_current_1|phase_current_2,256081|256081|256081,HostService|HostService|HostService,2|2|2,True,True,HostService,0.9941273312634279,4.994127331263428,True,
D:\code\putest\PU-dataset-main\KI14\KI14\N09_M07_F10_KI14_1.mat,KI14,2,N09,07,10,1,vibration_1|phase_current_1|phase_current_2,256001|256001|256001,HostService|HostService|HostService,2|2|2,True,True,HostService,-0.0020594895203421104,3.997940510479658,True,
D:\code\putest\PU-dataset-main\KI14\KI14\N09_M07_F10_KI14_10.mat,KI14,2,N09,07,10,10,vibration_1|phase_current_1|phase_current_2,256002|256002|256002,HostService|HostService|HostService,2|2|2,True,True,HostService,-0.001991481455184396,3.9980085185448155,True,
D:\code\putest\PU-dataset-main\KI14\KI14\N09_M07_F10_KI14_11.mat,KI14,2,N09,07,10,11,vibration_1|phase_current_1|phase_current_2,256002|256002|256002,HostService|HostService|HostService,2|2|2,True,True,HostService,-0.002105683677807728,3.997894316322192,True,
D:\code\putest\PU-dataset-main\KI14\KI14\N09_M07_F10_KI14_12.mat,KI14,2,N09,07,10,12,vibration_1|phase_current_1|phase_current_2,257753|257753|257753,HostService|HostService|HostService,2|2|2,True,True,HostService,-0.0019923369025448704,3.998007663097455,True,
D:\code\putest\PU-dataset-main\KI14\KI14\N09_M07_F10_KI14_13.mat,KI14,2,N09,07,10,13,vibration_1|phase_current_1|phase_current_2,256001|256001|256001,HostService|HostService|HostService,2|2|2,True,True,HostService,-0.0021647095456804612,3.9978352904543195,True,
D:\code\putest\PU-dataset-main\KI14\KI14\N09_M07_F10_KI14_14.mat,KI14,2,N09,07,10,14,vibration_1|phase_current_1|phase_current_2,256001|256001|256001,HostService|HostService|HostService,2|2|2,True,True,HostService,-0.002114665875092709,3.9978853341249074,True,
D:\code\putest\PU-dataset-main\KI14\KI14\N09_M07_F10_KI14_15.mat,KI14,2,N09,07,10,15,vibration_1|phase_current_1|phase_current_2,256084|256084|256084,HostService|HostService|HostService,2|2|2,True,True,HostService,-0.002084725217476105,3.9979152747825237,True,
D:\code\putest\PU-dataset-main\KI14\KI14\N09_M07_F10_KI14_16.mat,KI14,2,N09,07,10,16,vibration_1|phase_current_1|phase_current_2,256001|256001|256001,HostService|HostService|HostService,2|2|2,True,True,HostService,-0.0019555526660444715,3.9980444473339554,True,
D:\code\putest\PU-dataset-main\KI14\KI14\N09_M07_F10_KI14_17.mat,KI14,2,N09,07,10,17,vibration_1|phase_current_1|phase_current_2,256003|256003|256003,HostService|HostService|HostService,2|2|2,True,True,HostService,-0.0022793394919840304,3.997720660508016,True,
D:\code\putest\PU-dataset-main\KI14\KI14\N09_M07_F10_KI14_18.mat,KI14,2,N09,07,10,18,vibration_1|phase_current_1|phase_current_2,256001|256001|256001,HostService|HostService|HostService,2|2|2,True,True,HostService,-0.0021736917429654424,3.9978263082570344,True,
D:\code\putest\PU-dataset-main\KI14\KI14\N09_M07_F10_KI14_19.mat,KI14,2,N09,07,10,19,vibration_1|phase_current_1|phase_current_2,256083|256083|256083,HostService|HostService|HostService,2|2|2,True,True,HostService,-0.0020813034280342075,3.9979186965719657,True,
D:\code\putest\PU-dataset-main\KI14\KI14\N09_M07_F10_KI14_2.mat,KI14,2,N09,07,10,2,vibration_1|phase_current_1|phase_current_2,256088|256088|256088,HostService|HostService|HostService,2|2|2,True,True,HostService,-0.002263085992135017,3.997736914007865,True,
D:\code\putest\PU-dataset-main\KI14\KI14\N09_M07_F10_KI14_20.mat,KI14,2,N09,07,10,20,vibration_1|phase_current_1|phase_current_2,256087|256087|256087,HostService|HostService|HostService,2|2|2,True,True,HostService,-0.0024020961882121063,3.997597903811788,True,
D:\code\putest\PU-dataset-main\KI14\KI14\N09_M07_F10_KI14_3.mat,KI14,2,N09,07,10,3,vibration_1|phase_current_1|phase_current_2,256092|256092|256092,HostService|HostService|HostService,2|2|2,True,True,HostService,0.9930447852356629,4.9930447852356625,True,
D:\code\putest\PU-dataset-main\KI14\KI14\N09_M07_F10_KI14_4.mat,KI14,2,N09,07,10,4,vibration_1|phase_current_1|phase_current_2,256001|256001|256001,HostService|HostService|HostService,2|2|2,True,True,HostService,-0.0022186027293903485,3.9977813972706095,True,
D:\code\putest\PU-dataset-main\KI14\KI14\N09_M07_F10_KI14_5.mat,KI14,2,N09,07,10,5,vibration_1|phase_current_1|phase_current_2,256086|256086|256086,HostService|HostService|HostService,2|2|2,True,True,HostService,-0.0021026896120460675,3.997897310387954,True,
D:\code\putest\PU-dataset-main\KI14\KI14\N09_M07_F10_KI14_6.mat,KI14,2,N09,07,10,6,vibration_1|phase_current_1|phase_current_2,256001|256001|256001,HostService|HostService|HostService,2|2|2,True,True,HostService,-0.002193794755936591,3.9978062052440633,True,
D:\code\putest\PU-dataset-main\KI14\KI14\N09_M07_F10_KI14_7.mat,KI14,2,N09,07,10,7,vibration_1|phase_current_1|phase_current_2,256001|256001|256001,HostService|HostService|HostService,2|2|2,True,True,HostService,-0.0020120121918357813,3.9979879878081643,True,
D:\code\putest\PU-dataset-main\KI14\KI14\N09_M07_F10_KI14_8.mat,KI14,2,N09,07,10,8,vibration_1|phase_current_1|phase_current_2,256359|256359|256359,HostService|HostService|HostService,2|2|2,True,True,HostService,-0.002283189005106165,3.997716810994894,True,
D:\code\putest\PU-dataset-main\KI14\KI14\N09_M07_F10_KI14_9.mat,KI14,2,N09,07,10,9,vibration_1|phase_current_1|phase_current_2,256001|256001|256001,HostService|HostService|HostService,2|2|2,True,True,HostService,-0.0019949032446262937,3.9980050967553735,True,
D:\code\putest\PU-dataset-main\KI14\KI14\N15_M01_F10_KI14_1.mat,KI14,2,N15,01,10,1,vibration_1|phase_current_1|phase_current_2,256000|256000|256000,HostService|HostService|HostService,2|2|2,True,True,HostService,-0.0019949032446262937,3.9980050967553735,True,
D:\code\putest\PU-dataset-main\KI14\KI14\N15_M01_F10_KI14_10.mat,KI14,2,N15,01,10,10,vibration_1|phase_current_1|phase_current_2,256000|256000|256000,HostService|HostService|HostService,2|2|2,True,True,HostService,-0.002036392441609302,3.9979636075583906,True,
D:\code\putest\PU-dataset-main\KI14\KI14\N15_M01_F10_KI14_11.mat,KI14,2,N15,01,10,11,vibration_1|phase_current_1|phase_current_2,256000|256000|256000,HostService|HostService|HostService,2|2|2,True,True,HostService,-0.0020440914678535715,3.9979559085321466,True,
D:\code\putest\PU-dataset-main\KI14\KI14\N15_M01_F10_KI14_12.mat,KI14,2,N15,01,10,12,vibration_1|phase_current_1|phase_current_2,256001|256001|256001,HostService|HostService|HostService,2|2|2,True,True,HostService,-0.0019846378763006007,3.9980153621236996,True,
D:\code\putest\PU-dataset-main\KI14\KI14\N15_M01_F10_KI14_13.mat,KI14,2,N15,01,10,13,vibration_1|phase_current_1|phase_current_2,256089|256089|256089,HostService|HostService|HostService,2|2|2,True,True,HostService,-0.002217747282029874,3.99778225271797,True,
D:\code\putest\PU-dataset-main\KI14\KI14\N15_M01_F10_KI14_14.mat,KI14,2,N15,01,10,14,vibration_1|phase_current_1|phase_current_2,256003|256003|256003,HostService|HostService|HostService,2|2|2,True,True,HostService,-0.0020723212307492264,3.997927678769251,True,
D:\code\putest\PU-dataset-main\KI14\KI14\N15_M01_F10_KI14_15.mat,KI14,2,N15,01,10,15,vibration_1|phase_current_1|phase_current_2,256006|256006|256006,HostService|HostService|HostService,2|2|2,True,True,HostService,-0.002028265691684795,3.997971734308315,True,
D:\code\putest\PU-dataset-main\KI14\KI14\N15_M01_F10_KI14_16.mat,KI14,2,N15,01,10,16,vibration_1|phase_current_1|phase_current_2,256001|256001|256001,HostService|HostService|HostService,2|2|2,True,True,HostService,-0.0020222775601614743,3.9979777224398387,True,
D:\code\putest\PU-dataset-main\KI14\KI14\N15_M01_F10_KI14_17.mat,KI14,2,N15,01,10,17,vibration_1|phase_current_1|phase_current_2,256000|256000|256000,HostService|HostService|HostService,2|2|2,True,True,HostService,-0.002148883769511685,3.997851116230488,True,
D:\code\putest\PU-dataset-main\KI14\KI14\N15_M01_F10_KI14_18.mat,KI14,2,N15,01,10,18,vibration_1|phase_current_1|phase_current_2,256001|256001|256001,HostService|HostService|HostService,2|2|2,True,True,HostService,-0.0020727489544294635,3.9979272510455703,True,
D:\code\putest\PU-dataset-main\KI14\KI14\N15_M01_F10_KI14_19.mat,KI14,2,N15,01,10,19,vibration_1|phase_current_1|phase_current_2,256001|256001|256001,HostService|HostService|HostService,2|2|2,True,True,HostService,-0.002317406899525141,3.9976825931004747,True,
D:\code\putest\PU-dataset-main\KI14\KI14\N15_M01_F10_KI14_2.mat,KI14,2,N15,01,10,2,vibration_1|phase_current_1|phase_current_2,256083|256083|256083,HostService|HostService|HostService,2|2|2,True,True,HostService,-0.002235283952919599,3.9977647160470804,True,
D:\code\putest\PU-dataset-main\KI14\KI14\N15_M01_F10_KI14_20.mat,KI14,2,N15,01,10,20,vibration_1|phase_current_1|phase_current_2,256088|256088|256088,HostService|HostService|HostService,2|2|2,True,True,HostService,-0.002032970652167404,3.9979670293478327,True,
D:\code\putest\PU-dataset-main\KI14\KI14\N15_M01_F10_KI14_3.mat,KI14,2,N15,01,10,3,vibration_1|phase_current_1|phase_current_2,256088|256088|256088,HostService|HostService|HostService,2|2|2,True,True,HostService,-0.002066760822906143,3.997933239177094,True,
D:\code\putest\PU-dataset-main\KI14\KI14\N15_M01_F10_KI14_4.mat,KI14,2,N15,01,10,4,vibration_1|phase_current_1|phase_current_2,256090|256090|256090,HostService|HostService|HostService,2|2|2,True,True,HostService,-0.0022301512687567526,3.9977698487312434,True,
D:\code\putest\PU-dataset-main\KI14\KI14\N15_M01_F10_KI14_5.mat,KI14,2,N15,01,10,5,vibration_1|phase_current_1|phase_current_2,256002|256002|256002,HostService|HostService|HostService,2|2|2,True,True,HostService,-0.0022083373610646555,3.997791662638935,True,
D:\code\putest\PU-dataset-main\KI14\KI14\N15_M01_F10_KI14_6.mat,KI14,2,N15,01,10,6,vibration_1|phase_current_1|phase_current_2,256000|256000|256000,HostService|HostService|HostService,2|2|2,True,True,HostService,-0.002089002454278477,3.9979109975457217,True,
D:\code\putest\PU-dataset-main\KI14\KI14\N15_M01_F10_KI14_7.mat,KI14,2,N15,01,10,7,vibration_1|phase_current_1|phase_current_2,256088|256088|256088,HostService|HostService|HostService,2|2|2,True,True,HostService,-0.0021279253091800623,3.99787207469082,True,
D:\code\putest\PU-dataset-main\KI14\KI14\N15_M01_F10_KI14_8.mat,KI14,2,N15,01,10,8,vibration_1|phase_current_1|phase_current_2,256001|256001|256001,HostService|HostService|HostService,2|2|2,True,True,HostService,-0.001976938850056331,3.9980230611499437,True,
D:\code\putest\PU-dataset-main\KI14\KI14\N15_M01_F10_KI14_9.mat,KI14,2,N15,01,10,9,vibration_1|phase_current_1|phase_current_2,256001|256001|256001,HostService|HostService|HostService,2|2|2,True,True,HostService,-0.0020385310600104876,3.9979614689399896,True,
D:\code\putest\PU-dataset-main\KI14\KI14\N15_M07_F04_KI14_1.mat,KI14,2,N15,07,04,1,vibration_1|phase_current_1|phase_current_2,256003|256003|256003,HostService|HostService|HostService,2|2|2,True,True,HostService,-0.0034876588886541163,3.996512341111346,True,
D:\code\putest\PU-dataset-main\KI14\KI14\N15_M07_F04_KI14_10.mat,KI14,2,N15,07,04,10,vibration_1|phase_current_1|phase_current_2,256001|256001|256001,HostService|HostService|HostService,2|2|2,True,True,HostService,-0.002125358967098639,3.9978746410329014,True,
D:\code\putest\PU-dataset-main\KI14\KI14\N15_M07_F04_KI14_11.mat,KI14,2,N15,07,04,11,vibration_1|phase_current_1|phase_current_2,256084|256084|256084,HostService|HostService|HostService,2|2|2,True,True,HostService,-0.0022014937821808606,3.997798506217819,True,
D:\code\putest\PU-dataset-main\KI14\KI14\N15_M07_F04_KI14_12.mat,KI14,2,N15,07,04,12,vibration_1|phase_current_1|phase_current_2,257116|257116|257116,HostService|HostService|HostService,2|2|2,True,True,HostService,-0.0024384527010322685,3.9975615472989676,True,
D:\code\putest\PU-dataset-main\KI14\KI14\N15_M07_F04_KI14_13.mat,KI14,2,N15,07,04,13,vibration_1|phase_current_1|phase_current_2,256001|256001|256001,HostService|HostService|HostService,2|2|2,True,True,HostService,-0.002237422571320785,3.9977625774286794,True,
D:\code\putest\PU-dataset-main\KI14\KI14\N15_M07_F04_KI14_14.mat,KI14,2,N15,07,04,14,vibration_1|phase_current_1|phase_current_2,256000|256000|256000,HostService|HostService|HostService,2|2|2,True,True,HostService,-0.002260947373733831,3.997739052626266,True,
D:\code\putest\PU-dataset-main\KI14\KI14\N15_M07_F04_KI14_15.mat,KI14,2,N15,07,04,15,vibration_1|phase_current_1|phase_current_2,256088|256088|256088,HostService|HostService|HostService,2|2|2,True,True,HostService,-0.0020205666654405253,3.9979794333345593,True,
D:\code\putest\PU-dataset-main\KI14\KI14\N15_M07_F04_KI14_16.mat,KI14,2,N15,07,04,16,vibration_1|phase_current_1|phase_current_2,256085|256085|256085,HostService|HostService|HostService,2|2|2,True,True,HostService,-0.0022677909526176263,3.9977322090473826,True,
D:\code\putest\PU-dataset-main\KI14\KI14\N15_M07_F04_KI14_17.mat,KI14,2,N15,07,04,17,vibration_1|phase_current_1|phase_current_2,256000|256000|256000,HostService|HostService|HostService,2|2|2,True,True,HostService,-0.0019256120084278675,3.998074387991572,True,
D:\code\putest\PU-dataset-main\KI14\KI14\N15_M07_F04_KI14_18.mat,KI14,2,N15,07,04,18,vibration_1|phase_current_1|phase_current_2,256000|256000|256000,HostService|HostService|HostService,2|2|2,True,True,HostService,-0.0032549772066050803,3.996745022793395,True,
D:\code\putest\PU-dataset-main\KI14\KI14\N15_M07_F04_KI14_19.mat,KI14,2,N15,07,04,19,vibration_1|phase_current_1|phase_current_2,256013|256013|256013,HostService|HostService|HostService,2|2|2,True,True,HostService,-0.001998752757748428,3.9980012472422515,True,
D:\code\putest\PU-dataset-main\KI14\KI14\N15_M07_F04_KI14_2.mat,KI14,2,N15,07,04,2,vibration_1|phase_current_1|phase_current_2,256001|256001|256001,HostService|HostService|HostService,2|2|2,True,True,HostService,-0.0021304916512614853,3.9978695083487383,True,
D:\code\putest\PU-dataset-main\KI14\KI14\N15_M07_F04_KI14_20.mat,KI14,2,N15,07,04,20,vibration_1|phase_current_1|phase_current_2,256001|256001|256001,HostService|HostService|HostService,2|2|2,True,True,HostService,-0.0021369075064650435,3.9978630924935348,True,
D:\code\putest\PU-dataset-main\KI14\KI14\N15_M07_F04_KI14_3.mat,KI14,2,N15,07,04,3,vibration_1|phase_current_1|phase_current_2,272879|272879|272879,HostService|HostService|HostService,2|2|2,True,True,HostService,-0.002153161006314057,3.997846838993686,True,
D:\code\putest\PU-dataset-main\KI14\KI14\N15_M07_F04_KI14_4.mat,KI14,2,N15,07,04,4,vibration_1|phase_current_1|phase_current_2,256084|256084|256084,HostService|HostService|HostService,2|2|2,True,True,HostService,-0.002083869770115631,3.9979161302298842,True,
D:\code\putest\PU-dataset-main\KI14\KI14\N15_M07_F04_KI14_5.mat,KI14,2,N15,07,04,5,vibration_1|phase_current_1|phase_current_2,256003|256003|256003,HostService|HostService|HostService,2|2|2,True,True,HostService,-0.002114238151412472,3.9978857618485875,True,
D:\code\putest\PU-dataset-main\KI14\KI14\N15_M07_F04_KI14_6.mat,KI14,2,N15,07,04,6,vibration_1|phase_current_1|phase_current_2,256009|256009|256009,HostService|HostService|HostService,2|2|2,True,True,HostService,-0.002079592533313259,3.9979204074666868,True,
D:\code\putest\PU-dataset-main\KI14\KI14\N15_M07_F04_KI14_7.mat,KI14,2,N15,07,04,7,vibration_1|phase_current_1|phase_current_2,256001|256001|256001,HostService|HostService|HostService,2|2|2,True,True,HostService,-0.0021831016639306607,3.9978168983360693,True,
D:\code\putest\PU-dataset-main\KI14\KI14\N15_M07_F04_KI14_8.mat,KI14,2,N15,07,04,8,vibration_1|phase_current_1|phase_current_2,256007|256007|256007,HostService|HostService|HostService,2|2|2,True,True,HostService,-0.002337937636176527,3.9976620623638235,True,
D:\code\putest\PU-dataset-main\KI14\KI14\N15_M07_F04_KI14_9.mat,KI14,2,N15,07,04,9,vibration_1|phase_current_1|phase_current_2,256722|256722|256722,HostService|HostService|HostService,2|2|2,True,True,HostService,-0.002337937636176527,3.9976620623638235,True,
D:\code\putest\PU-dataset-main\KI14\KI14\N15_M07_F10_KI14_1.mat,KI14,2,N15,07,10,1,vibration_1|phase_current_1|phase_current_2,256001|256001|256001,HostService|HostService|HostService,2|2|2,True,True,HostService,-0.004509490760740783,3.9954905092392594,True,
D:\code\putest\PU-dataset-main\KI14\KI14\N15_M07_F10_KI14_10.mat,KI14,2,N15,07,10,10,vibration_1|phase_current_1|phase_current_2,260270|260270|260270,HostService|HostService|HostService,2|2|2,True,True,HostService,-0.002367878293793131,3.9976321217062067,True,
D:\code\putest\PU-dataset-main\KI14\KI14\N15_M07_F10_KI14_11.mat,KI14,2,N15,07,10,11,vibration_1|phase_current_1|phase_current_2,256001|256001|256001,HostService|HostService|HostService,2|2|2,True,True,HostService,-0.0021788244271282887,3.997821175572872,True,
D:\code\putest\PU-dataset-main\KI14\KI14\N15_M07_F10_KI14_12.mat,KI14,2,N15,07,10,12,vibration_1|phase_current_1|phase_current_2,256001|256001|256001,HostService|HostService|HostService,2|2|2,True,True,HostService,-0.0020445191915338086,3.997955480808466,True,
D:\code\putest\PU-dataset-main\KI14\KI14\N15_M07_F10_KI14_13.mat,KI14,2,N15,07,10,13,vibration_1|phase_current_1|phase_current_2,256001|256001|256001,HostService|HostService|HostService,2|2|2,True,True,HostService,-0.002023988454882423,3.9979760115451177,True,
D:\code\putest\PU-dataset-main\KI14\KI14\N15_M07_F10_KI14_14.mat,KI14,2,N15,07,10,14,vibration_1|phase_current_1|phase_current_2,256001|256001|256001,HostService|HostService|HostService,2|2|2,True,True,HostService,-0.0020398142310511995,3.9979601857689486,True,
D:\code\putest\PU-dataset-main\KI14\KI14\N15_M07_F10_KI14_15.mat,KI14,2,N15,07,10,15,vibration_1|phase_current_1|phase_current_2,256084|256084|256084,HostService|HostService|HostService,2|2|2,True,True,HostService,-0.0021458897037500246,3.99785411029625,True,
D:\code\putest\PU-dataset-main\KI14\KI14\N15_M07_F10_KI14_16.mat,KI14,2,N15,07,10,16,vibration_1|phase_current_1|phase_current_2,256002|256002|256002,HostService|HostService|HostService,2|2|2,True,True,HostService,-0.0022964484391935183,3.9977035515608064,True,
D:\code\putest\PU-dataset-main\KI14\KI14\N15_M07_F10_KI14_17.mat,KI14,2,N15,07,10,17,vibration_1|phase_current_1|phase_current_2,256000|256000|256000,HostService|HostService|HostService,2|2|2,True,True,HostService,-0.0021236480723776903,3.9978763519276224,True,
D:\code\putest\PU-dataset-main\KI14\KI14\N15_M07_F10_KI14_18.mat,KI14,2,N15,07,10,18,vibration_1|phase_current_1|phase_current_2,265780|265780|265780,HostService|HostService|HostService,2|2|2,True,True,HostService,-0.0021984997164192,3.9978015002835807,True,
D:\code\putest\PU-dataset-main\KI14\KI14\N15_M07_F10_KI14_19.mat,KI14,2,N15,07,10,19,vibration_1|phase_current_1|phase_current_2,256002|256002|256002,HostService|HostService|HostService,2|2|2,True,True,HostService,-0.002269501847338575,3.9977304981526616,True,
D:\code\putest\PU-dataset-main\KI14\KI14\N15_M07_F10_KI14_2.mat,KI14,2,N15,07,10,2,vibration_1|phase_current_1|phase_current_2,256001|256001|256001,HostService|HostService|HostService,2|2|2,True,True,HostService,-0.002084297493795868,3.997915702506204,True,
D:\code\putest\PU-dataset-main\KI14\KI14\N15_M07_F10_KI14_20.mat,KI14,2,N15,07,10,20,vibration_1|phase_current_1|phase_current_2,274159|274159|274159,HostService|HostService|HostService,2|2|2,True,True,HostService,-0.0020851529411563424,3.9979148470588437,True,
D:\code\putest\PU-dataset-main\KI14\KI14\N15_M07_F10_KI14_3.mat,KI14,2,N15,07,10,3,vibration_1|phase_current_1|phase_current_2,256005|256005|256005,HostService|HostService|HostService,2|2|2,True,True,HostService,-0.0020915687963599006,3.99790843120364,True,
D:\code\putest\PU-dataset-main\KI14\KI14\N15_M07_F10_KI14_4.mat,KI14,2,N15,07,10,4,vibration_1|phase_current_1|phase_current_2,256388|256388|256388,HostService|HostService|HostService,2|2|2,True,True,HostService,-0.0020564954545804503,3.9979435045454195,True,
D:\code\putest\PU-dataset-main\KI14\KI14\N15_M07_F10_KI14_5.mat,KI14,2,N15,07,10,5,vibration_1|phase_current_1|phase_current_2,256001|256001|256001,HostService|HostService|HostService,2|2|2,True,True,HostService,-0.0021972165453784886,3.9978027834546217,True,
D:\code\putest\PU-dataset-main\KI14\KI14\N15_M07_F10_KI14_6.mat,KI14,2,N15,07,10,6,vibration_1|phase_current_1|phase_current_2,256001|256001|256001,HostService|HostService|HostService,2|2|2,True,True,HostService,-0.0019884873894227355,3.998011512610577,True,
D:\code\putest\PU-dataset-main\KI14\KI14\N15_M07_F10_KI14_7.mat,KI14,2,N15,07,10,7,vibration_1|phase_current_1|phase_current_2,256001|256001|256001,HostService|HostService|HostService,2|2|2,True,True,HostService,-0.002002602270870563,3.9979973977291294,True,
D:\code\putest\PU-dataset-main\KI14\KI14\N15_M07_F10_KI14_8.mat,KI14,2,N15,07,10,8,vibration_1|phase_current_1|phase_current_2,256001|256001|256001,HostService|HostService|HostService,2|2|2,True,True,HostService,-0.0036022888349576854,3.9963977111650424,True,
D:\code\putest\PU-dataset-main\KI14\KI14\N15_M07_F10_KI14_9.mat,KI14,2,N15,07,10,9,vibration_1|phase_current_1|phase_current_2,256001|256001|256001,HostService|HostService|HostService,2|2|2,True,True,HostService,-0.002090713348999426,3.9979092866510006,True,
D:\code\putest\PU-dataset-main\KI16\KI16\N09_M07_F10_KI16_1.mat,KI16,2,N09,07,10,1,vibration_1|phase_current_1|phase_current_2,256001|256001|256001,HostService|HostService|HostService,2|2|2,True,True,HostService,-0.0023794166558310462,3.997620583344169,True,
D:\code\putest\PU-dataset-main\KI16\KI16\N09_M07_F10_KI16_10.mat,KI16,2,N09,07,10,10,vibration_1|phase_current_1|phase_current_2,256000|256000|256000,HostService|HostService|HostService,2|2|2,True,True,HostService,-0.00221174969032938,3.9977882503096707,True,
D:\code\putest\PU-dataset-main\KI16\KI16\N09_M07_F10_KI16_11.mat,KI16,2,N09,07,10,11,vibration_1|phase_current_1|phase_current_2,256001|256001|256001,HostService|HostService|HostService,2|2|2,True,True,HostService,-0.002312264325260226,3.99768773567474,True,
D:\code\putest\PU-dataset-main\KI16\KI16\N09_M07_F10_KI16_12.mat,KI16,2,N09,07,10,12,vibration_1|phase_current_1|phase_current_2,256001|256001|256001,HostService|HostService|HostService,2|2|2,True,True,HostService,-0.002378133490278738,3.9976218665097214,True,
D:\code\putest\PU-dataset-main\KI16\KI16\N09_M07_F10_KI16_13.mat,KI16,2,N09,07,10,13,vibration_1|phase_current_1|phase_current_2,256112|256112|256112,HostService|HostService|HostService,2|2|2,True,True,HostService,0.9946791401764267,4.994679140176427,True,
D:\code\putest\PU-dataset-main\KI16\KI16\N09_M07_F10_KI16_14.mat,KI16,2,N09,07,10,14,vibration_1|phase_current_1|phase_current_2,256001|256001|256001,HostService|HostService|HostService,2|2|2,True,True,HostService,-0.002571036044975808,3.997428963955024,True,
D:\code\putest\PU-dataset-main\KI16\KI16\N09_M07_F10_KI16_15.mat,KI16,2,N09,07,10,15,vibration_1|phase_current_1|phase_current_2,256005|256005|256005,HostService|HostService|HostService,2|2|2,True,True,HostService,-0.0021582844589831856,3.997841715541017,True,
D:\code\putest\PU-dataset-main\KI16\KI16\N09_M07_F10_KI16_16.mat,KI16,2,N09,07,10,16,vibration_1|phase_current_1|phase_current_2,256000|256000|256000,HostService|HostService|HostService,2|2|2,True,True,HostService,-0.0022664980872278834,3.997733501912772,True,
D:\code\putest\PU-dataset-main\KI16\KI16\N09_M07_F10_KI16_17.mat,KI16,2,N09,07,10,17,vibration_1|phase_current_1|phase_current_2,256001|256001|256001,HostService|HostService|HostService,2|2|2,True,True,HostService,-0.002096692512472369,3.9979033074875274,True,
D:\code\putest\PU-dataset-main\KI16\KI16\N09_M07_F10_KI16_18.mat,KI16,2,N09,07,10,18,vibration_1|phase_current_1|phase_current_2,256001|256001|256001,HostService|HostService|HostService,2|2|2,True,True,HostService,-0.002142886472355481,3.9978571135276444,True,
D:\code\putest\PU-dataset-main\KI16\KI16\N09_M07_F10_KI16_19.mat,KI16,2,N09,07,10,19,vibration_1|phase_current_1|phase_current_2,256001|256001|256001,HostService|HostService|HostService,2|2|2,True,True,HostService,-0.002085144022501591,3.9979148559774984,True,
D:\code\putest\PU-dataset-main\KI16\KI16\N09_M07_F10_KI16_2.mat,KI16,2,N09,07,10,2,vibration_1|phase_current_1|phase_current_2,256001|256001|256001,HostService|HostService|HostService,2|2|2,True,True,HostService,-0.003993638920635355,3.9960063610793646,True,
D:\code\putest\PU-dataset-main\KI16\KI16\N09_M07_F10_KI16_20.mat,KI16,2,N09,07,10,20,vibration_1|phase_current_1|phase_current_2,256000|256000|256000,HostService|HostService|HostService,2|2|2,True,True,HostService,-0.002196351703701676,3.997803648296298,True,
D:\code\putest\PU-dataset-main\KI16\KI16\N09_M07_F10_KI16_3.mat,KI16,2,N09,07,10,3,vibration_1|phase_current_1|phase_current_2,256001|256001|256001,HostService|HostService|HostService,2|2|2,True,True,HostService,-0.0021608507900878027,3.9978391492099123,True,
D:\code\putest\PU-dataset-main\KI16\KI16\N09_M07_F10_KI16_4.mat,KI16,2,N09,07,10,4,vibration_1|phase_current_1|phase_current_2,256001|256001|256001,HostService|HostService|HostService,2|2|2,True,True,HostService,-0.00220191208776168,3.9977980879122383,True,
D:\code\putest\PU-dataset-main\KI16\KI16\N09_M07_F10_KI16_5.mat,KI16,2,N09,07,10,5,vibration_1|phase_current_1|phase_current_2,256001|256001|256001,HostService|HostService|HostService,2|2|2,True,True,HostService,-0.0021736824456108895,3.9978263175543893,True,
D:\code\putest\PU-dataset-main\KI16\KI16\N09_M07_F10_KI16_6.mat,KI16,2,N09,07,10,6,vibration_1|phase_current_1|phase_current_2,256092|256092|256092,HostService|HostService|HostService,2|2|2,True,True,HostService,-0.0021723992800585807,3.9978276007199414,True,
D:\code\putest\PU-dataset-main\KI16\KI16\N09_M07_F10_KI16_7.mat,KI16,2,N09,07,10,7,vibration_1|phase_current_1|phase_current_2,256000|256000|256000,HostService|HostService|HostService,2|2|2,True,True,HostService,-0.001976074950555354,3.9980239250494445,True,
D:\code\putest\PU-dataset-main\KI16\KI16\N09_M07_F10_KI16_8.mat,KI16,2,N09,07,10,8,vibration_1|phase_current_1|phase_current_2,256000|256000|256000,HostService|HostService|HostService,2|2|2,True,True,HostService,-0.0022143160214339974,3.997785683978566,True,
D:\code\putest\PU-dataset-main\KI16\KI16\N09_M07_F10_KI16_9.mat,KI16,2,N09,07,10,9,vibration_1|phase_current_1|phase_current_2,256091|256091|256091,HostService|HostService|HostService,2|2|2,True,True,HostService,0.9948245656056883,4.994824565605688,True,
D:\code\putest\PU-dataset-main\KI16\KI16\N15_M01_F10_KI16_1.mat,KI16,2,N15,01,10,1,vibration_1|phase_current_1|phase_current_2,278039|278039|278039,HostService|HostService|HostService,2|2|2,True,True,HostService,-0.0022074724718216844,3.9977925275281785,True,
D:\code\putest\PU-dataset-main\KI16\KI16\N15_M01_F10_KI16_10.mat,KI16,2,N15,01,10,10,vibration_1|phase_current_1|phase_current_2,256001|256001|256001,HostService|HostService|HostService,2|2|2,True,True,HostService,-0.0021078132805923775,3.9978921867194077,True,
D:\code\putest\PU-dataset-main\KI16\KI16\N15_M01_F10_KI16_11.mat,KI16,2,N15,01,10,11,vibration_1|phase_current_1|phase_current_2,256001|256001|256001,HostService|HostService|HostService,2|2|2,True,True,HostService,-0.0021031083402339125,3.997896891659766,True,
D:\code\putest\PU-dataset-main\KI16\KI16\N15_M01_F10_KI16_12.mat,KI16,2,N15,01,10,12,vibration_1|phase_current_1|phase_current_2,256004|256004|256004,HostService|HostService|HostService,2|2|2,True,True,HostService,-0.00217325472376012,3.9978267452762397,True,
D:\code\putest\PU-dataset-main\KI16\KI16\N15_M01_F10_KI16_13.mat,KI16,2,N15,01,10,13,vibration_1|phase_current_1|phase_current_2,256001|256001|256001,HostService|HostService|HostService,2|2|2,True,True,HostService,-0.0021749656111631982,3.997825034388837,True,
D:\code\putest\PU-dataset-main\KI16\KI16\N15_M01_F10_KI16_14.mat,KI16,2,N15,01,10,14,vibration_1|phase_current_1|phase_current_2,256001|256001|256001,HostService|HostService|HostService,2|2|2,True,True,HostService,-0.002143314194206251,3.9978566858057936,True,
D:\code\putest\PU-dataset-main\KI16\KI16\N15_M01_F10_KI16_15.mat,KI16,2,N15,01,10,15,vibration_1|phase_current_1|phase_current_2,256002|256002|256002,HostService|HostService|HostService,2|2|2,True,True,HostService,-0.002176676498566276,3.9978233235014335,True,
D:\code\putest\PU-dataset-main\KI16\KI16\N15_M01_F10_KI16_16.mat,KI16,2,N15,01,10,16,vibration_1|phase_current_1|phase_current_2,256002|256002|256002,HostService|HostService|HostService,2|2|2,True,True,HostService,-0.002157856737132416,3.9978421432628677,True,
D:\code\putest\PU-dataset-main\KI16\KI16\N15_M01_F10_KI16_17.mat,KI16,2,N15,01,10,17,vibration_1|phase_current_1|phase_current_2,256001|256001|256001,HostService|HostService|HostService,2|2|2,True,True,HostService,-0.002112945942801612,3.9978870540571982,True,
D:\code\putest\PU-dataset-main\KI16\KI16\N15_M01_F10_KI16_18.mat,KI16,2,N15,01,10,18,vibration_1|phase_current_1|phase_current_2,256001|256001|256001,HostService|HostService|HostService,2|2|2,True,True,HostService,-0.0020821499695462043,3.9979178500304537,True,
D:\code\putest\PU-dataset-main\KI16\KI16\N15_M01_F10_KI16_19.mat,KI16,2,N15,01,10,19,vibration_1|phase_current_1|phase_current_2,256001|256001|256001,HostService|HostService|HostService,2|2|2,True,True,HostService,-0.0021099518898462255,3.9978900481101536,True,
D:\code\putest\PU-dataset-main\KI16\KI16\N15_M01_F10_KI16_2.mat,KI16,2,N15,01,10,2,vibration_1|phase_current_1|phase_current_2,256002|256002|256002,HostService|HostService|HostService,2|2|2,True,True,HostService,-0.002156573571580107,3.9978434264284197,True,
D:\code\putest\PU-dataset-main\KI16\KI16\N15_M01_F10_KI16_20.mat,KI16,2,N15,01,10,20,vibration_1|phase_current_1|phase_current_2,256001|256001|256001,HostService|HostService|HostService,2|2|2,True,True,HostService,-0.002032106513006166,3.9979678934869938,True,
D:\code\putest\PU-dataset-main\KI16\KI16\N15_M01_F10_KI16_3.mat,KI16,2,N15,01,10,3,vibration_1|phase_current_1|phase_current_2,278077|278077|278077,HostService|HostService|HostService,2|2|2,True,True,HostService,-0.002175393333013968,3.997824606666986,True,
D:\code\putest\PU-dataset-main\KI16\KI16\N15_M01_F10_KI16_4.mat,KI16,2,N15,01,10,4,vibration_1|phase_current_1|phase_current_2,299038|299038|299038,HostService|HostService|HostService,2|2|2,True,True,HostService,-0.002084288578800052,4.670369312154828,True,
D:\code\putest\PU-dataset-main\KI16\KI16\N15_M01_F10_KI16_5.mat,KI16,2,N15,01,10,5,vibration_1|phase_current_1|phase_current_2,256001|256001|256001,HostService|HostService|HostService,2|2|2,True,True,HostService,-0.002127916207578547,3.9978720837924215,True,
D:\code\putest\PU-dataset-main\KI16\KI16\N15_M01_F10_KI16_6.mat,KI16,2,N15,01,10,6,vibration_1|phase_current_1|phase_current_2,256000|256000|256000,HostService|HostService|HostService,2|2|2,True,True,HostService,-0.00210567467133853,3.9978943253286614,True,
D:\code\putest\PU-dataset-main\KI16\KI16\N15_M01_F10_KI16_7.mat,KI16,2,N15,01,10,7,vibration_1|phase_current_1|phase_current_2,256001|256001|256001,HostService|HostService|HostService,2|2|2,True,True,HostService,-0.0021330488697877815,3.997866951130212,True,
D:\code\putest\PU-dataset-main\KI16\KI16\N15_M01_F10_KI16_8.mat,KI16,2,N15,01,10,8,vibration_1|phase_current_1|phase_current_2,257473|257473|257473,HostService|HostService|HostService,2|2|2,True,True,HostService,-0.0021176508831600776,3.99788234911684,True,
D:\code\putest\PU-dataset-main\KI16\KI16\N15_M01_F10_KI16_9.mat,KI16,2,N15,01,10,9,vibration_1|phase_current_1|phase_current_2,256003|256003|256003,HostService|HostService|HostService,2|2|2,True,True,HostService,-0.0021202172142646947,3.9978797827857355,True,
D:\code\putest\PU-dataset-main\KI16\KI16\N15_M07_F04_KI16_1.mat,KI16,2,N15,07,04,1,vibration_1|phase_current_1|phase_current_2,289013|289013|289013,HostService|HostService|HostService,2|2|2,True,True,HostService,-0.0020954093469200603,3.99790459065308,True,
D:\code\putest\PU-dataset-main\KI16\KI16\N15_M07_F04_KI16_10.mat,KI16,2,N15,07,04,10,vibration_1|phase_current_1|phase_current_2,256001|256001|256001,HostService|HostService|HostService,2|2|2,True,True,HostService,-0.002091987572113904,3.997908012427886,True,
D:\code\putest\PU-dataset-main\KI16\KI16\N15_M07_F04_KI16_11.mat,KI16,2,N15,07,04,11,vibration_1|phase_current_1|phase_current_2,256002|256002|256002,HostService|HostService|HostService,2|2|2,True,True,HostService,-0.0021659834522970373,3.997834016547703,True,
D:\code\putest\PU-dataset-main\KI16\KI16\N15_M07_F04_KI16_12.mat,KI16,2,N15,07,04,12,vibration_1|phase_current_1|phase_current_2,256819|256819|256819,HostService|HostService|HostService,2|2|2,True,True,HostService,-0.002138181531997016,3.997861818468003,True,
D:\code\putest\PU-dataset-main\KI16\KI16\N15_M07_F04_KI16_13.mat,KI16,2,N15,07,04,13,vibration_1|phase_current_1|phase_current_2,256085|256085|256085,HostService|HostService|HostService,2|2|2,True,True,HostService,-0.0021099518898462255,3.9978900481101536,True,
D:\code\putest\PU-dataset-main\KI16\KI16\N15_M07_F04_KI16_14.mat,KI16,2,N15,07,04,14,vibration_1|phase_current_1|phase_current_2,256003|256003|256003,HostService|HostService|HostService,2|2|2,True,True,HostService,-0.0020693183140231175,3.9979306816859768,True,
D:\code\putest\PU-dataset-main\KI16\KI16\N15_M07_F04_KI16_15.mat,KI16,2,N15,07,04,15,vibration_1|phase_current_1|phase_current_2,256003|256003|256003,HostService|HostService|HostService,2|2|2,True,True,HostService,-0.0021629893993416506,3.997837010600658,True,
D:\code\putest\PU-dataset-main\KI16\KI16\N15_M07_F04_KI16_16.mat,KI16,2,N15,07,04,16,vibration_1|phase_current_1|phase_current_2,287568|287568|287568,HostService|HostService|HostService,2|2|2,True,True,HostService,-0.002130054816832395,3.9978699451831674,True,
D:\code\putest\PU-dataset-main\KI16\KI16\N15_M07_F04_KI16_17.mat,KI16,2,N15,07,04,17,vibration_1|phase_current_1|phase_current_2,257383|257383|257383,HostService|HostService|HostService,2|2|2,True,True,HostService,-0.0021078132805923775,3.9978921867194077,True,
D:\code\putest\PU-dataset-main\KI16\KI16\N15_M07_F04_KI16_18.mat,KI16,2,N15,07,04,18,vibration_1|phase_current_1|phase_current_2,260359|260359|260359,HostService|HostService|HostService,2|2|2,True,True,HostService,-0.0024842085092695878,3.99751579149073,True,
D:\code\putest\PU-dataset-main\KI16\KI16\N15_M07_F04_KI16_19.mat,KI16,2,N15,07,04,19,vibration_1|phase_current_1|phase_current_2,256000|256000|256000,HostService|HostService|HostService,2|2|2,True,True,HostService,-0.002151868631221642,3.9978481313687784,True,
D:\code\putest\PU-dataset-main\KI16\KI16\N15_M07_F04_KI16_2.mat,KI16,2,N15,07,04,2,vibration_1|phase_current_1|phase_current_2,256002|256002|256002,HostService|HostService|HostService,2|2|2,True,True,HostService,-0.0020954093469200603,3.99790459065308,True,
D:\code\putest\PU-dataset-main\KI16\KI16\N15_M07_F04_KI16_20.mat,KI16,2,N15,07,04,20,vibration_1|phase_current_1|phase_current_2,256001|256001|256001,HostService|HostService|HostService,2|2|2,True,True,HostService,-0.0021642725648939594,3.997835727435106,True,
D:\code\putest\PU-dataset-main\KI16\KI16\N15_M07_F04_KI16_3.mat,KI16,2,N15,07,04,3,vibration_1|phase_current_1|phase_current_2,256001|256001|256001,HostService|HostService|HostService,2|2|2,True,True,HostService,-0.002251527822450949,3.997748472177549,True,
D:\code\putest\PU-dataset-main\KI16\KI16\N15_M07_F04_KI16_4.mat,KI16,2,N15,07,04,4,vibration_1|phase_current_1|phase_current_2,260059|260059|260059,HostService|HostService|HostService,2|2|2,True,True,HostService,-0.0021138013865031513,3.997886198613497,True,
D:\code\putest\PU-dataset-main\KI16\KI16\N15_M07_F04_KI16_5.mat,KI16,2,N15,07,04,5,vibration_1|phase_current_1|phase_current_2,256002|256002|256002,HostService|HostService|HostService,2|2|2,True,True,HostService,-0.002119789492413925,3.997880210507586,True,
D:\code\putest\PU-dataset-main\KI16\KI16\N15_M07_F04_KI16_6.mat,KI16,2,N15,07,04,6,vibration_1|phase_current_1|phase_current_2,256084|256084|256084,HostService|HostService|HostService,2|2|2,True,True,HostService,-0.0019948947119892146,3.998005105288011,True,
D:\code\putest\PU-dataset-main\KI16\KI16\N15_M07_F04_KI16_7.mat,KI16,2,N15,07,04,7,vibration_1|phase_current_1|phase_current_2,256002|256002|256002,HostService|HostService|HostService,2|2|2,True,True,HostService,-0.0021599953463862635,3.9978400046536136,True,
D:\code\putest\PU-dataset-main\KI16\KI16\N15_M07_F04_KI16_8.mat,KI16,2,N15,07,04,8,vibration_1|phase_current_1|phase_current_2,255999|255999|255999,HostService|HostService|HostService,2|2|2,True,True,HostService,-0.0021155122739062297,3.9978844877260937,True,
D:\code\putest\PU-dataset-main\KI16\KI16\N15_M07_F04_KI16_9.mat,KI16,2,N15,07,04,9,vibration_1|phase_current_1|phase_current_2,256001|256001|256001,HostService|HostService|HostService,2|2|2,True,True,HostService,-0.002398236417264907,3.9976017635827352,True,
D:\code\putest\PU-dataset-main\KI16\KI16\N15_M07_F10_KI16_1.mat,KI16,2,N15,07,10,1,vibration_1|phase_current_1|phase_current_2,256001|256001|256001,HostService|HostService|HostService,2|2|2,True,True,HostService,-0.004512893247469597,3.9954871067525306,True,
D:\code\putest\PU-dataset-main\KI16\KI16\N15_M07_F10_KI16_10.mat,KI16,2,N15,07,10,10,vibration_1|phase_current_1|phase_current_2,256087|256087|256087,HostService|HostService|HostService,2|2|2,True,True,HostService,-0.0022228704584493883,3.9977771295415505,True,
D:\code\putest\PU-dataset-main\KI16\KI16\N15_M07_F10_KI16_11.mat,KI16,2,N15,07,10,11,vibration_1|phase_current_1|phase_current_2,256000|256000|256000,HostService|HostService|HostService,2|2|2,True,True,HostService,-0.0020068709238107623,3.9979931290761894,True,
D:\code\putest\PU-dataset-main\KI16\KI16\N15_M07_F10_KI16_12.mat,KI16,2,N15,07,10,12,vibration_1|phase_current_1|phase_current_2,256003|256003|256003,HostService|HostService|HostService,2|2|2,True,True,HostService,-0.002307559384901761,3.9976924406150984,True,
D:\code\putest\PU-dataset-main\KI16\KI16\N15_M07_F10_KI16_13.mat,KI16,2,N15,07,10,13,vibration_1|phase_current_1|phase_current_2,256001|256001|256001,HostService|HostService|HostService,2|2|2,True,True,HostService,-0.003975674602903034,3.996024325397097,True,
D:\code\putest\PU-dataset-main\KI16\KI16\N15_M07_F10_KI16_14.mat,KI16,2,N15,07,10,14,vibration_1|phase_current_1|phase_current_2,256001|256001|256001,HostService|HostService|HostService,2|2|2,True,True,HostService,-0.0038832866831368094,3.996116713316863,True,
D:\code\putest\PU-dataset-main\KI16\KI16\N15_M07_F10_KI16_15.mat,KI16,2,N15,07,10,15,vibration_1|phase_current_1|phase_current_2,256091|256091|256091,HostService|HostService|HostService,2|2|2,True,True,HostService,-0.002041088671872327,3.9979589113281278,True,
D:\code\putest\PU-dataset-main\KI16\KI16\N15_M07_F10_KI16_16.mat,KI16,2,N15,07,10,16,vibration_1|phase_current_1|phase_current_2,256003|256003|256003,HostService|HostService|HostService,2|2|2,True,True,HostService,-0.0023473375170233297,3.9976526624829765,True,
D:\code\putest\PU-dataset-main\KI16\KI16\N15_M07_F10_KI16_17.mat,KI16,2,N15,07,10,17,vibration_1|phase_current_1|phase_current_2,256306|256306|256306,HostService|HostService|HostService,2|2|2,True,True,HostService,-0.001985057109421515,3.9980149428905785,True,
D:\code\putest\PU-dataset-main\KI16\KI16\N15_M07_F10_KI16_18.mat,KI16,2,N15,07,10,18,vibration_1|phase_current_1|phase_current_2,256005|256005|256005,HostService|HostService|HostService,2|2|2,True,True,HostService,-0.0023841215961895117,3.9976158784038103,True,
D:\code\putest\PU-dataset-main\KI16\KI16\N15_M07_F10_KI16_19.mat,KI16,2,N15,07,10,19,vibration_1|phase_current_1|phase_current_2,256001|256001|256001,HostService|HostService|HostService,2|2|2,True,True,HostService,-0.0024008027483695244,3.9975991972516303,True,
D:\code\putest\PU-dataset-main\KI16\KI16\N15_M07_F10_KI16_2.mat,KI16,2,N15,07,10,2,vibration_1|phase_current_1|phase_current_2,256000|256000|256000,HostService|HostService|HostService,2|2|2,True,True,HostService,-0.0023289454774402386,3.9976710545225598,True,
D:\code\putest\PU-dataset-main\KI16\KI16\N15_M07_F10_KI16_20.mat,KI16,2,N15,07,10,20,vibration_1|phase_current_1|phase_current_2,256003|256003|256003,HostService|HostService|HostService,2|2|2,True,True,HostService,-0.002348192960724869,3.9976518070392753,True,
D:\code\putest\PU-dataset-main\KI16\KI16\N15_M07_F10_KI16_3.mat,KI16,2,N15,07,10,3,vibration_1|phase_current_1|phase_current_2,256002|256002|256002,HostService|HostService|HostService,2|2|2,True,True,HostService,-0.0021813814389247416,3.9978186185610753,True,
D:\code\putest\PU-dataset-main\KI16\KI16\N15_M07_F10_KI16_4.mat,KI16,2,N15,07,10,4,vibration_1|phase_current_1|phase_current_2,256001|256001|256001,HostService|HostService|HostService,2|2|2,True,True,HostService,-0.002330656364843317,3.9976693436351565,True,
D:\code\putest\PU-dataset-main\KI16\KI16\N15_M07_F10_KI16_5.mat,KI16,2,N15,07,10,5,vibration_1|phase_current_1|phase_current_2,256001|256001|256001,HostService|HostService|HostService,2|2|2,True,True,HostService,-0.002633911157038933,3.997366088842961,True,
D:\code\putest\PU-dataset-main\KI16\KI16\N15_M07_F10_KI16_6.mat,KI16,2,N15,07,10,6,vibration_1|phase_current_1|phase_current_2,256000|256000|256000,HostService|HostService|HostService,2|2|2,True,True,HostService,-0.0038379481669552364,3.996162051833045,True,
D:\code\putest\PU-dataset-main\KI16\KI16\N15_M07_F10_KI16_7.mat,KI16,2,N15,07,10,7,vibration_1|phase_current_1|phase_current_2,256001|256001|256001,HostService|HostService|HostService,2|2|2,True,True,HostService,-0.0021907913196416717,3.9978092086803585,True,
D:\code\putest\PU-dataset-main\KI16\KI16\N15_M07_F10_KI16_8.mat,KI16,2,N15,07,10,8,vibration_1|phase_current_1|phase_current_2,256001|256001|256001,HostService|HostService|HostService,2|2|2,True,True,HostService,-0.002464961025984958,3.997535038974015,True,
D:\code\putest\PU-dataset-main\KI16\KI16\N15_M07_F10_KI16_9.mat,KI16,2,N15,07,10,9,vibration_1|phase_current_1|phase_current_2,274134|274134|274134,HostService|HostService|HostService,2|2|2,True,True,HostService,-0.002110379611696995,4.281222411940625,True,
